tweet_id,post_type,text
1,reply,@varadmehta LOL. Yet Matt Gaetz is a MAGA hero .
2,reply,@evan_kapitansky You are right. Love from a conservative lady from Sweden. I love NYC btw 🥰
3,tweet,"In my opinion, The Trump administration could find a strong woman in this individual. She is well articulated and has a great insight on what is going on and has solutions on how we can fix America. #MAGA https://t.co/mcbDGaieZD"
4,tweet,Harlan Crow helped fund Swiftboating. Trump campaign continues that legacy in Walz attack
5,reply,"@mirandadevine @MariaBartiromo We need to out vote the cheat and have every single polling station & ballot drop box exhaustively monitored and every mail in ballot scrutinized 
@LaraLeaTrump’s #RNC has ~157,000 on board volunteers. Most have received training the others getting trained. More coming"
6,quote,"Reason not to vote for her.
She’s a threat to our Republic!
#Trump2024"
7,quote,"#MAGAMoron and #antisemite @GOP candidate, #RoyceWhite won his primary in #Minnesota.  
#VoteBlueDownBallott 
#VoteBlueAsifYourLivesDependonit 
#VoteBlueToStopACriminalDictator"
8,reply,"@Used_To_Be_GOP Yet, it's a them and not a you problem?

You sound mentally ill."
9,quote,Sincerely asking...why don't ppl research these things? A quick Google search will show they are protesting at Trump/RNC events often with bigger numbers than Kamala/DNC events
10,tweet,"lol gop “They brought Mitch McConnell into the greenhouse, and they sent every single Hispanic worker home before he got there,” Hester said. “He then proceeded to have a speech about how we were taking the jobs from the Mexicans.”"
11,tweet,🚀 Check out MAGA Hat $MAGA prices @CoinGecko!✨🦎 https://t.co/nNFB4Fyrxm https://t.co/W39N1oiC5n
12,tweet,"The fact that they decided to publish Hillary Clinton’s emails in 2016 to support Donald Trump, and decided not to publish Donald Trump’s emails in 2024 to support Donald Trump, shows exactly what is terribly wrong with our political mainstream media. 

- Andrea Junker"
13,tweet,"Trump & MAGA politics crushes by far the Harris & Waltz traitors
 https://t.co/Xo5msZZ1iy"
14,reply,@DennisMSwanson1 @GOP America has never been a nation. https://t.co/CmUtFsLeBK
15,reply,"@Phil6741400 @eyeslasho @TheFP @Quillette Yet ""maga"" is ""low wit"""
16,reply,"@ofreacharound Apparently it’s been known in MN. CSM Behrends and other Guardsmen have been talking about it for years & the GOP candidate brought it up during the 2022 election. MN media is Dem-run so it was largely smothered, but now that Walz is on the national stage it’s harder to hide"
17,reply,@VP is running the same campaign that @POTUS #SleepyJoe ran in 2020. Hoping that the American people blindly vote for her. It’s time to wake up and make America great again. GO VOTE!! @realDonaldTrump @X @elonmusk #MAGA #MAGA2024
18,reply,@ericsuniverse @amyforsandiego @BillMelugin_ the trump supporters in LA county? That massive voting block? What the reporter should know is that the number of people who are completely closed to voting for a Trump supporter far out number folks who are in the maga cult. Especially in LA county.
19,reply,"@daviddunn177 @Acyn she's so cute, too bad she sold her soul to the evils of the GOP"
20,reply,@RpsAgainstTrump Still enjoying this you MAGA freaks??? Is there literally anything he can say that will make you realize what a horrible person he is?
21,reply,"When Obama took over the republicans had run the economy in the ground, the banks had failed. Obama bailed them out. The automobile industry had failed Obama build them out. Donald Trump inherited a good economy.  from Obama, that's a fact."
22,reply,@Acyn Is this the point where MAGA heads start exploding!!??
23,reply,"@four4thefire sometimes things really are as simple as ""we can dog walk the GOP in front of the entire country by filling both convention arenas at the same time"""
24,reply,@EWErickson @tmccormick1 You’re lamenting the fact that the GOP is just grifting to line their pockets while simultaneously bragging that you’re giving money to the guy responsible for all the grifting so he can pay his legal bills. Hilariously out of touch
25,reply,@GOP Trump has been bragging how amazing Venezuela is doing though. He keeps bragging their crime in way down. 😹
26,quote,"He's a Veteran with 24 years of distinguished service. No one can taint that or take it away. MAGA is desperate to shift the narrative away from the couch boy who barely put in 4 years. Nice try, I'm with @GovTimWalz every step of the way until he is our Vice President."
27,reply,"@FoxNews 🤦🏻‍♀️

Trump MAGA ⬇️ https://t.co/6CZxJIbC2V"
28,reply,@TONYxTWO Same ole’ Same ole’ Same  ole’ lies.   Satans not very clever.   Same playbook.  Never anything new.   Patriots don’t fall for any of this crapola!   THE END. #GodWins #MAGA #45-47 #NCSWIC 🎥🎬🍿
29,reply,@SteveLovesAmmo Hell yah! The felon and the hillbilly! Trump 2024! 💯
30,quote,"It's been about 30 minutes, what's Hogg and Thornburg been up to today at 3:58 Mountain time on this fine Tuesday? I'll check back when the media is unemployed or #MAGA!"
31,tweet,Donald Trump’s campaign. https://t.co/mQTedylMco
32,reply,@MTGrepp I don’t want Donald Trump to do this stuff because they’ll say see he’s coming after his enemies and that’s all the media will say so it needs to be a bipartisan independent agency investigating every January 6 person that went after an imprisoned innocent people
33,quote,FKH and her buddy FJB … and her “weird matey”… !!! NOPE not buyin’ it..!
34,reply,@marla_vous That is the MAGA nominee. A populist authoritarian organization. The GOP died in 2020. 1 down 1 to go.
35,quote,If Donald Trump loses this election this Country is finished as we know it.
36,tweet,"Wow, MAGA supporters walking on Donald during a speech was awesome to see. 

They know they’re  even conned."
37,reply,@stillgray Do you know how many friends I've lost in my turn to conservative for the reasons this dumb b***h epitomizes?! I'm fucking moving in part bc if it and this pariah decides there's more money in J*w bating low iq mud snakes. Ffs!
38,reply,@MAGA_TheMoon Realy...
39,reply,@BettyBowers I think less quid and more Riyals. But now we know who are back rolling Trump and the RNC (I refuse to call it the GOP. There's nothing greens about it).
40,reply,"@GaryWalters66 @IRAtheGhostARI Problem is Gary, they aren’t going to investigate themselves. They’re all corrupt. Another problem is they think we’re work for them, they work for us. They forgot that part. We may need to do something if 24 goes south. I hope not.
Trump24🇺🇸"
41,reply,"@YourAnonNews (MAGA) Make America great again is a movement, not a party nor a group. Its the Republican party"
42,reply,"@ruffydfire The only flaws in Trump are personal flaws. Donald Trump is a pervert, Donald Trump is a felon because of tax evasion. Can you talk about his performance as a president of America and how it impacted the lives of the American people. He without sin should cast the first stone."
43,reply,@MattWalshBlog @RealBrysonGray Make America Great Again Country - Donald Trump AI is better.
44,reply,@galacticaactual This is one of the many reasons we have the 2nd Amendment in the States. The want us to be compliant little slaves. Absolute power corrupts absolutely so we can't give them that power over us. They work for us not the other way around. #MAGA
45,reply,"@Orangadan1 @iamharaldur One can both believe in socialism and be resistant to change (conservative). The two are separate considerations. The Nazis were highly conservative, they hated the changes they saw in German society and wanted to wind back the clock."
46,reply,"@MTGrepp NIKKI  SAYS';  TRUMP DOESN'T QUALIFY FOR PRESIDENT,' BUT SHE DOESN'T  CARE ABOUT AMERICA PEOPLE  SHE CARE ABOUT HER JOB.SAME ALL GOP TRUMP'S  SLAVES. SO SHE IS VOTING FOR SOMEONE  DOESN'T  QUALIFY. THIS IS GREAT . https://t.co/FJ3JrirnB5"
47,reply,@Concern70732755 You are just making things up to suit your incredible conservative bias.
48,tweet,".@megynkelly you spray out your #Trump @GOP cult #propaganda, while The Huckster himself (incl his latest, unhinged @AI generated crowd imagery lies) is fully, publicly, displaying his “mental health” issues & uncontrolled pathologies. He IS running for #USA president! #democracy"
49,reply,@RKGold @TheJordanRachel Like all Trump supporters😂😂😂😂 the Donald Trump reform immigration to make it harder to work illegally?
50,quote,"the HAMAS wing of Congress must go....
same with the MAGA wing....."
51,reply,"@GOP_Democracy @SykesCharlie @daveweigel No, they’re in a cult"
52,reply,"@thetrueshelby These are actual MAGA posts and billboards.

Mike Fuckabee AKA Mike #Hypocrite https://t.co/X2RnmBgEQF"
53,reply,@Lynnebf_2846 @RNC They are liars.
54,reply,"@N00saGirl Yep! Funny how Kamala's ""platform"" is finally dropping next week—right after the Trump hack news. Coincidence? Maybe she just needed some ""inspiration"" from the GOP. Plagiarism runs deep in the Dems, and Kamala's just keeping the tradition alive."
55,reply,"@goddeketal I used to have Eric Carmen follow me. He was a great singer, and a great conservative."
56,reply,@elonmusk we love Donald Trump to be President of USA. Elon Musk is a special guest of honor.
57,reply,"@heatfan_YG71 @RepMTG Probably true because in this case, the “no matter what“ happens to be Donald Trump."
58,reply,@highbrow_nobrow @AccountableGOP Deflect & Deny. That should be the new MAGA motto.
59,reply,"@RpsAgainstTrump @seatedinperil My favorite was #26, truly gives the perspective of the enormity at stake https://t.co/SWG4a73VUf"
60,reply,"@GuntherEagleman it started cause the white man didn't like seeing a black man become commander in chief. it's how we get to project 2025, Trump puppet wants to implement..    but gop Maga supporting an old weak man who yells on X and rambles wil be disappointed just like his loss in 2020."
61,reply,@akafacehots Yeah Yeah yeah and Hillary’s emails…  MAGA  ploys  are  so predictable and  stale.
62,reply,"@RonFilipkowski That's more than weird, that's a threat. Can you even imagine a time before MAGA where someone would drive down the road with something like that on their vehicle? 

Trump and his followers have changed America for the worse."
63,reply,@JaniceTibbetts1 @quadcarl_carl @patriotmary4 @realDonaldTrump I did Google it and Yahoo Finance tells a completely different story. It states Trump will leave it unchanged and the retirement age will not be changed either. Nikki Haley had proposed that.
64,reply,"@pr0ud_americans @NowPammsy Nooooooo!!!  Then I won’t be able to wear my 45,47 SHIRT!!  lol😅😂because then Trump will be 45,48!!!"
65,reply,"@deanteamscene @DocNetyoutube Regardless, it says if Merchan denies the motion for dismissal, Trump has a right to file an interlocutory appeal immediately to SCOTUS… they won’t appreciate a lower court trying to say, “well, we only used a sliver of Presidential immunity activities to prosecute Trump”.

😉👍🏻"
66,reply,@DefiantLs If she gets a Donald Trump trial that’s fixed and corrupt she’ll probably get awarded $50 billion. if she gets an actual real trial will find out that she has an XY chromosome and other juicy details that will damage her reputation and possibly lose her gold medal
67,reply,@RonFilipkowski When republicans screw up they sue like all losers. They rarely win and usually cry in the media first.
68,reply,@_johnnymaga Forced enthusiasm
69,reply,"@ChrisDJackson @JohnJoh10388787 @POTUS @JoeBiden Trump was a great President! We need four more years of low interest rates, affordable food and gas prices, and no wars. A very likeable, badarse, and seasoned business man. Love Trump! MAGA’s very best to you! Trump to bring America out of the ashes. 🇺🇸❤️🔥✝️🙏👏🇺🇸"
70,reply,"@90sLoverMissIt MAGA hates conservatives. I’ve lost count of the number of Trump supporters who believe that DeSantis is a fascist, far-right extremist, authoritarian, or anti-women."
71,reply,"@krassenstein @PKurzin ""Shit Pivots"" as they say in the tech world. If the GOP was blindsided by the fact that a 80-year-old guy may drop (or worse)out of a presidential race why the hell would we put them in charge of the nuclear triad? ""I was caught unawares"" -not the right answer from a president."
72,reply,"@SicCoP1 This is exactly how they get simplistic and naive people. They make you think its a simple transparency issue, meanwhile you have no clue who or what you re really supporting, and what will happen. It's like 'Save the Children"" of maga trolls, who wouldn't want to save them! 🙄"
73,reply,@TheRichFromCali If we had an AG Donald Trump would be  going to jail.
74,reply,"@GOP Why debate when you are in the lead.
Just ask Trump...."
75,reply,@realJennaEllis MAGA hates you. We hate you. Just go away.
76,quote,"@emilthrockmore @MikeSington Here are multiple angles and videos MAGA 🤡🤡🤡's:

https://t.co/EykCo3fvZI"
77,reply,"@Socket1Sophie Did a news feature back in the 80s when there was the switch from DHSS to Housing Benefit. 
We had a property company and met the Conservative Minister in Parliament to try and sort the shambles."
78,reply,"@elonmusk @AutismCapital After the assassination attempt I did a Google search. 

Could not find a conservative outlet but I found two or three links to Al Jazeera...

Been using Duck-Duck-Go a little more since then"
79,reply,@atensnut No that's what they performed on Donald Trump after his fifth scourge child
80,reply,@realLizUSA Holy crap. The RNC actually did something in support of election integrity. This is a first.
81,tweet,Abortion  is already illegal in 1/3 of states because of Donald Trump. We can’t let the GOP fill any more seats until Trump is history ... https://t.co/yU3j0UvzuU via @YouTube
82,quote,The DNC Convention is helping Trump 😂🖕🏼🇺🇸 #MAGA #Trump2024IsTheOnlyChoice #DemocratsAreDestroyingAmerica
83,tweet,"Donald Trump golf course set to have the highest green fees on the planet in 2025

#Trump #DonaldTrump @TrumpTurnberry @TrumpGolf 
https://t.co/ajbOiCEaHN"
84,reply,@The_Real_BiM @terrymbs2 @AdorablePodcast @RossGilroy @memequeenkimmy @SecularSmurf @OsingaPeter @America1Eagle1 @TreatHunterDog @56tweets4 @petewoodward0 @OnlyaMoment3 @hellosf77 @NewfMom29 @edielizzard1 @L331024 @zypisfy @scottstocker4 @ReganLieutenant @EMNODAERTTONOD @IZMKS44 @Jetson77 @UndeC08 @justasimplema20 @BettyBoop8209 @Woody4123 @BuckSatanLives @Missy10013Kathy @AdamTarver6 @cherylhart00 @carolyn_from @NatashaForTrump @TastyMorsel6 @mccuan_lois @Sofie_Z1 @AnnoyedTaurus @Theresa51332 @MsPeabiddy @bubba6186422393 @GnosticMessiah @lucy_neuwirth @BobBComedy @ThereseOSulliv2 @RaylynCurtis @RightDaisy @doggebukser @GrishamHun11462 @zipthwung @warmachineofgod sore loser... Trump and his kult of maga morons is DONE... https://t.co/m2oVznwFzn
85,reply,@the_1_Barber @brui4ns1 @JoeyMannarinoUS Trump is a scumbag. Been that way since the 80s. He's not fit for any public office bc he's not about serving others. He's about himself. He and Maga cult will be studied in future yrs to determine how he manipulated so many to join his movement. It truly is a psychological study
86,tweet,If y'all are an American and a Christian. Y'all will vote for Donald Trump.
87,reply,@RosenforNevada Trump2024
88,reply,"@rattlecans I wrote a piece - a little bit touching on this exact subject- for my Substack a while back. In that I was decrying the demise of this fine old English conservative tradition, being replaced by Farage empty US populist shite.
The English tradition of conservatism is shrivelling"
89,reply,@DWPippy It seems he also owns several members of the GOP Congress.
90,reply,@lsferguson Yes you are right! I feel the same way Steve! I pray @realDonaldTrump wins! Our Country is in Bad shape because of the MSM and corrupt politicians from the evil traitors in the Deep State communist @DNC and RINO @GOP ! Patriots who love our great Country will vote for Trump!🙏🇺🇲 https://t.co/slOonOY6Zf
91,reply,@RealCandaceO The problem is that Progressives are a moving target and the GOP are slow to adapt. The right still operate as if it is still a contest between Republicans and Democrats. Fortunately Progressives react like super-balls in a small room. Quirky but manageable.
92,reply,"@AmericaPapaBear She’s not Donald Trump.
I say this frustrated.. because I’m a huge Trump fan.
Trump needs to shut up and be optimistic"
93,reply,"@GNQ__ MAGA brainwashing ok.

The problem is, you see 99% of current issues through the lens of your own sexuality and ignore everything else. You’re young. You have a lot of maturing to do."
94,reply,"@MichaelSteele @susanrwncomau @MichaelSteele you are not a Conservative not a Republican, & not even a RINO.  You're just trying to take over for Mitt Romney and get some attention as the 'conservative' CNN hauls out with their propaganda.  It's shameful and disgusting."
95,reply,"@texan_maga Why call it MPOX and not Monkey Pox? 
 Remember those monkeys that escaped in PA??  They were being transferred from one laboratory to another when the truck wrecked and they issued a state of emergency over it until all the monkeys were caught dead or alive???  Just"
96,reply,"@thestustustudio @ChicagoDNC24 @FBI They’re honestly haters, chant for hate-war-intifada, hate America, w major effort to impress terrorist jihadhi they’re not infidels. 😂

Sans masks, their parasitic facade holds a day job while being misogynistic racists. 

The jihadi infidel cult like MAGA hopes for Trump? https://t.co/fWkuFRKwkH"
97,reply,"@NJ_Timothy Nick.

Why don't you just face facts?

May, Johnson and Sunak wilfully sent the Conservative Party up the swanny.

The UK is now firmly in the grip of the Deep State as a result.

@reformparty_uk know this, as do the majority of former Tory voters."
98,tweet,Opinion | Elon Musk and Donald Trump share the worst similarities https://t.co/dD6t0G3QvA via @msnbc
99,reply,"@GuntherEagleman House GOP wasted two years and millions of taxpayer dollars producing a report that didn’t even recommend impeachment and you’re like “Yeah, please feed me some more bullshit”."
100,reply,"@Lynnebf_2846 @RNC Fake poll, fake news."
200,tweet,Donald Trump to be sentenced to prison in September: Fox News columnist https://t.co/uuqmFigWjD https://t.co/lF9XBbI08n
201,reply,@realKyleKeegan I have never heard one person make fun of Biden having a stutter. Seems something the left bring out to make excuses for his in ability to thread a coherent sentence off prompter and sometimes on prompter
202,reply,@Luther97777506 @HFI_Research Biden/Harris are though because they are turning a blind eye to all their oil sales. They care more about the oil price than Iran using that money to literally fund terrorism.
203,quote,"This is homophobic, racist, and Islamophobic.

The IOF kills queer Palestinians with bombs supplied by Biden, Harris, and Blinken.

You are trying to justify voting for a genocidal baby killer when you haven't even TRIED to make this administration stop."
204,reply,"@JoeyMannarinoUS Raise your hand if you were forced to eat your poor furry, four-legged emergency food supply under the Biden/Harris campaign, and look forward to fornicating with your new one this November! 🖐️"
205,reply,@simonateba @KamalaHarris @realDonaldTrump She needs the least amount of direct exposure.  She'll stay in the basement like Biden... No questions asked.
206,reply,"@iAnonPatriot @GuntherEagleman Yes, but will they certify it? They are already talking about( Sen. Raskin) not doing so. Just like Maduro in Venezuela they will lose magnificently but refuse to go. I really think they will impeach Biden and make Harris the incumbent and then cancel the election due to war."
207,tweet,"Common sense!

 slams Harris as 'naive' on Iran, blasts VP for not being tough on Hamas https://t.co/8H3oJ5OT7w #FoxNews"
208,tweet,Donald Trump and his elections staff rapidly adjusting to Kamala Harris' candidacy... https://t.co/mgyuLyA6gn
209,reply,"@harris_wins An American citizen must have duties, responsibilities, and benefits. 
As for me, who is half a world away from Washington DC, I have to do the opposite: rights, responsibilities, and then the duties of an American citizen. 
Current US President Joe Biden"
210,tweet,at Kamala Harris rally in Las Vegas she said she would not tax tips.  Nice job copying donald trump.  @KamalaHarris
211,reply,@acnewsitics Kamala gaffs more than Joe Biden even though she’s younger like you like them lol
212,quote,Phuk this Biden-Harris liberal ass agenda!!!!!
213,reply,"@SitaRose27 @acnewsitics You bet we approve!  You approved of Biden and the man was a zombie. Still is now you put up the evil twins.  You better hope they lose, if not communism will be at your door!  They are elites do it won’t bother them, you better hope you are an elite too."
214,reply,@CBSNews They don't need him. This is just for politics to say Biden administration negotiated a peace plan. They have already negotiated without him and he's going to steal the credit for Kamala Harris election.
215,reply,@KurtSchlichter 3 national polls in last 3days show Trump in lead. Fox poll with Harris +1 has her underperforming Clinton and Biden. Michigan and PA poll also have Trump up. Walz was the worst pick ever
216,reply,"@farzyness I haven’t seen this in any of their documentation. I recall Biden floating the idea awhile back, but I am not seeing it now. It’s a terrible idea, probably unconstitutional, and likely won’t come back to life."
217,reply,"@1Swinging_Voter Note how it's all coming out about Biden's medical episode, but no one is asking how he's still in the job?"
218,reply,@NHAunleashed Not this time… we are barely making it through Biden
219,reply,"@hodgetwins A few weeks ago, Trump lead Biden.  Now Trump and Harris are tied in Aggregate polling."
220,quote,"In a BERNIE SANDERS poll, who is just as leftist and radical as Kamala Harris, Kommie-la can only manage to tie Donald Trump!

She is a terrible nominee, and she will lose!"
221,tweet,"The Biden Administration is forcing U.S. military veterans to immediately pay back tens of thousands of dollars in disability and separation payments, in an attempt to recoup those losses, leaving thousands bankrupt.

Most of these affected veterans were given single, lump-sum"
222,reply,"@TinaZimmermann4 Vance is playing Vance
Kamala is playing Kamala
Biden is playing Biden

If not
we have impersonating political elites
including that of POTUS
& that would be treason

But…no arrests
because there is no real proof of claims
so until something changes
all is at it appears"
223,tweet,"This is the Biden/Harris result. Hiw can anyone with brain matter support 4 more years of this, and immigration debacle? Your VOTE IS DESTROYING OUR COUNTRY!!! Help us!!! https://t.co/AqKIc0r4AN"
224,reply,"@Roberts_Rules 😂😂😂The folks Trump calls “animals” tooting his horn They got those COVID checks, avoided eviction and getting school loans reduced/ removed but yeah the guy who left a $3 trillion debt that Biden/Harris worked to clear up … and then COVID! It’s the ignorance that sink us all"
225,reply,@AnderTierrez @EndWokeness @AP Biden is on video literally admitting to withholding $$$ until the Ukrainian prosecutor ceased his investigation into Hunter's Burisma dealings. https://t.co/efGdQEBqrS
226,reply,"@Bubblebathgirl Wow, now she’s trying to silence the Palestinian protesters eeekkkk . You would think that her and Biden has pissed them off enough"
227,reply,@Bubblebathgirl But nothing was said when Biden was orange
228,reply,"@ChrisDJackson Translation:  Biden is doing absolutely NOTHING as President of the US while his VP plays bingo with rappers and Hollywooders at cringe rallies ...
So Who Is Running The SHOW?"
229,tweet,"Food for thought-If Joe Biden Saved the Economy, Why Do We Need Kamala Harris' Price Controls?"
230,tweet,This is due to the BIDEN KAMALA ADMINISTRATION  https://t.co/o3cExHrU5m
231,reply,@cbouzy Let it go FFS - we love Biden. It wasn’t personal. We needed a younger candidate. We have one and the country is exploding with enthusiasm and readiness for positive change.
232,tweet,"Japan was the key to the market slide  , Buffett saw the Jap slide coming , he had to sell , the FED amy have trouble moving the world market , push China down , Japan UP, Buffett not a day trader, Biden pump up--cash is king"
233,reply,"@mattyglesias It's the people on the bottom who are doing the best in the Biden-Harris economy - no accident.

These are *real* wage increases, i.e. adjusted for inflation.

You know who ISN'T doing better? The very wealthy - there's a reason your news is filled with negative stories. https://t.co/FRe39yITGf"
234,reply,@TomiLahren Biden and Harris are a complete train wreck🗑️🤡
235,reply,"@N76247476Man I've been saying it, I don't give a damn about the Dems, I care about what the GOP is doing. Almost 4 yrs later and a few months before an Election, they all agree to Impeach Biden now that he's finally silent. They want Nazi Harris in for a reason."
236,reply,@DustyAssKracka I have been asking the same question myself for the last 2 years when Biden said “Elect me and I’ll make sure the border is secured!”. MFer you are already in the White House. Fix it now!
237,reply,"@ryancharleston @Jason @GOP @KamalaHarris I see your opinions were sufficiently downloaded from the MSM.
Good job!"
238,reply,@KamalaHarris Why are you not doing it now!!!  You are in charge with the imbecile Biden.  We need to know you have the ability to do anything before the election.  You are just a f$$king liar.
239,reply,@fshakir Why doesn’t Biden do those things then? 🤓
240,reply,"@realDonaldTrump Do you realize Donald Trump got just as many votes in this years Democratic Primary as Kamala Harris did.
Strange, isn't it."
241,reply,"@agamemnus_dev @KinglyMz @HAHAHAHAHHAMAD @OnMy3rdLife @KevinMcInerJR @airdropfien @0x7d54 @coinmamba The point is that Trump messed up, I don't know why you're so adamant on defending his actions towards COVID. Conversely, I'm sure you'd be quick to point out Biden or Kamala's screwups every time you get the chance."
242,reply,@its_The_Dr Because she supported Biden as most loyal people do and I don’t mean those in a cult
243,reply,"@wildstarryskies @ELuchesi1 @What46HasDone Harris/Walz is a good ending for this, but in the end you're losing 4 years more of Biden and that's bad because he IS the bridge between Then and Now. You won't have this opportunity much.

At least, however, you know who the backstabbers are and you can deal with them."
244,tweet,"Biden's late-night swan song: Day 1 takeaways from the DNC
Salute president Biden, you gave your best and served the United States of America 🇺🇸. Well done 🫡"
245,reply,@DefiantLs You related to Joe Biden?
246,quote,"@tedlieu Happiness and Joy ….

Meet Kamala’s daughter, she fundraises for Hamas."
247,reply,"@MikeCarlton01 Really? A celebration of the warmongers Biden, Obama and Clinton."
248,quote,"Going from Biden-Harris to Harris-Walz in a matter of two weeks could be the seismic shift needed to win a Democratic trifecta in November. Tester might actually be able to hold on in Montana and, along with Gallego in Arizona, put us at 50 Senate seats (plus VP to break ties) 🙏"
249,quote,"The betting markets are usually spot on at any point in time. When Trump was a heavy favorite vs. Biden, I pointed it out. Now, the tables have turned. 

I personally think a wager on Harris, up to -110, is a good bet. Even money would be better!"
250,reply,@In2ThinAir Not a word from anyone. Ladies and gentlemen welcome to Biden America and if they steal it again we are done. 🥺
251,reply,@TonyMontana5309 @bearsfanxx @gotrice2024 @harryjsisson Biden is pro-choice.  1973 was a long damn time ago.
252,reply,"@DJParticle @Papapishu If Biden was working on a ceasefire, working against a ceasefire or had forgotten to work on a ceasefire, how would you know the difference; from your perch outside the White House?"
253,reply,@ewlamy @vdogg11 @walls_tumbling @DanteAtkins She literally said it in her own words that she was shocked and surprised what Biden did and how quickly Harris get a coalition going. https://t.co/wCFqb8qvHD
254,reply,"@TheLeoTerrell Who is the REAL president now? It ain't Creepy Joe Biden, that's for sure."
255,tweet,"I,M ALL FOR JUSTICE ON SOME OF THE LEADERS  OF MEN..WHO FLAUNT THEIR AUTHORITY,BUT I ALSO BELIEVE  IN MERCY,FOR THE WORST OUT HERE.WHERES  JOE BIDEN BEEN ,SINCE?? I THINK HES A BROKEN  MAN ,,AFTER 50 YRS IN OFFICES.BETRAYED BY HIS SPECIOUSLY NICE FRIENDS,AN YET HE STAYS IN ,SAD"
256,tweet,"Russian Federation 🇷🇺. 
Operations in Kursk region. 
Wounded Nazi Ukrainian soldiers were captured by the Russian Armed Forces in Kursk Region.
The wounded& dead Nazi Ukrainian troops are victims of traitors Joe Biden, Kamala Harris, Fake western media news & Nato propaganda. https://t.co/EJFmhpGE5P"
257,reply,"@LeadingReport Because they are a few billion in debt. Meanwhile, USA is $35 TRILLION  in debt and biden/harris keep sending the corrupt tyrant more of our money"
258,reply,@RonDeSantis Basically as ethical as Joe Biden
259,tweet,Jill Biden honors husband Joe Biden at Democratic convention https://t.co/VvDhX1xZGC via @YouTube
260,reply,@Sassafrass_84 Her and Biden could fix inflation right now but they chose to lock their promise behind a vote wall. She’s literally like EA. 😂
261,reply,@POTUS Why your name say “President Biden” didn’t you quit? 🤦🏾‍♂️🤣
262,reply,"@davidarlington1 @sherryande @PercyTaggerts @robbystarbuck At Joe Biden 10/20 ,"" I have this strange notion, we're a Democracy....if you can't get the votes....you can't [legislate] by executive order unless your a dictator. We're a democracy. We need consensus."" He wrote more Exec Ord's than any  president history, 44 his 1st week."
263,reply,"@chelsey0726 @NancyMace Biden showered with his daughter ! She feared him! Molester!!
Yet you said nothing. You are a fraud"
264,tweet,Biden lied !
265,quote,"""All of this Biden/Harris stuff is physically, psychologically and emotionally manufactured pretense from the minds of people who are genuinely odd characters."""
266,reply,@jakejakeny It's Joe Biden what is wrong with you?
267,quote,The award meant something aside from Obama and Biden's presidential terms.  I'm not mad at this.
268,reply,@DemocracyHere Each of the @HouseDemocrats who asked @Pres Biden to step aside after 50 free and fair elections should go too. Overturning elections is wrong not matter which party does it. #NeverKamala #DNCConvention My ballot did not say Biden or Harris for president. https://t.co/mvuvdSRzaO
269,quote,"Border CZAR is changing her statement now..Now she's for closing the border, fracking, and Ukraine. Wack job lying ..She is changing all of her views. The media is trying to remove all her past views when she was with Biden!"
270,reply,@dom_lucre @PressSec needs to change her makeup. She blinks her eyes rapidly when she lies and it is painfully more obvious when she does.   And of course - did ANY reporter follow up with the “crackdown” of Biden/Harris against service workers? #2024Election @realDonaldTrump @KamalaHarris
271,reply,"@KyleSloter @derekjayl The man that can’t even beat Joe Biden in an election, no wonder they were furious 😂"
272,reply,@cold_casey @RATM818 @BGrueskin Brb I’m gonna go watch Joe Biden’s college football highlights
273,quote,"Wait...you mean biden the child toucher?
They both pedos, folks"
274,tweet,"Biden's criminal activity needs to be out there in the headlines. He has committed treason by selling access to his position. Ever wonder why he is so adamant about sending billions and billions to Zelensky? 
Check out the Congressional report:
https://t.co/ODx7xZiJo7"
275,reply,"@hodgetwins @KanekoaTheGreat Agreed. CA, CO, HI, NV, OR, UT, VT, WA, DC send mail-in ballots to ALL voters and those states also allow ballot harvesting with minimal restrictions. Shockingly, they all voted for Biden in 2020."
276,reply,@joelpollak So silly to pretend Biden is not demented
277,reply,"@ThePatriot420 @MarindaVannoy1 @POTUS When drug costs drop precipitously, it doesn't cost people/insurers more. It costs them LESS. Biden intends to continue to work to see those costs plummet and so does Harris. And if you ever end up with cancer and have huge bills, you will understand the need for this."
278,reply,"@NotGavin51 @MichaelCrush73 @PpollingNumbers Based on what data? He's never ignored FL..he's been to my hometown, Ocala..FL is HIS home..2020 he beat Biden 51.2%-47.9%. New poll shows Trump 50-Harris 47 today. 4 points then -3 now..don't get too excited yet..Spin.."
279,tweet,"President Joe Biden's decision to campaign for Vice President Kamala Harris in Pennsylvania underscores the importance of this battleground state in the 2024 election.

#BidenHarris2024 #PennsylvaniaCampaign #Election2024

https://t.co/FGNi2viPsF"
280,quote,"Democrats demand body guards, weapons,walls, and police for themselves but not for you"
281,reply,"@DesireeAmerica4 This needs video needs to go viral on all platforms. The corrupt social media, and news media are putting a lot of false information.. they’re not allowing the truth . There’s still being bias for Biden, and Kamala not let accurate news to come out.."
282,reply,"@DefiyantlyFree Kamala Harris is paying people to post good things about her in social media.

Kamala is a phony.

Hundreds of thousands of people post for Trump because they believe in Trump.

Trump is authentic."
283,reply,"@NEWSMAX @CaraCastronuova According to biden- these folks ""Ain't Black"" LMFAO_ We can spot a disingenuous dingbat from a mile away- and that dingbat is kamallah."
284,reply,@seanhannity Fox News agrees!  Biden has healed America after Trump destroyed us! We had 25% inflation under Trump. We are down to 2.9%. #HarrisWaltz2024 https://t.co/tvkEdks1ue
285,reply,"@MTGrepp I coup is to put him out of the presidency. Last I checked he still president he’s just not running for reelection. Yes they made their thoughts very well known but ultimately Biden made his decision. No fake electors No violence no arrest no deaths, you know like J6"
286,reply,"@jenreneeX Are u kidding me? Biden has Trans men showing off their tits at the WH,  trans/gay parades with dicks swinging in the breeze, but a fine looking woman's natural ass is the hill u wanna battle over? Fucktards."
287,reply,@Living3Dream @CWBOCA This is one area where I'll defend Trump. Biden won Miami Dade by 7 in 2020. Harris leading there slightly wouldn't be a surprise. You can't expect a presidential race to be uncompetitive like an incumbent governor.
288,tweet,Watching the difference between Donald Trump and Kamala Harris...
289,reply,@ProudElephantUS Lies - the only language of the fascist democratic party
290,quote,"Thank you, President Biden !"
291,reply,"@krassenstein @MrIrrelevant459 I have seen 2
Obama and Biden"
292,reply,@AlvinIpswitch @Mary_J_Robbins @OgAmMenace @harris_wins What do you think should have happened after Biden dropped out?  A brokered convention?  Another primary?
293,tweet,"Reports: Biden Team Unhappy With How He Was Treated - and There's Talk of 'Revenge'
https://t.co/pXKl0yWQ9j"
294,reply,@KamalaHQLies Anyone who votes for Harris can never again lay claim to being a moderate or conservative….. you’re just another communist sympathizer like Hanoi Jane
295,tweet,"Joe Biden Committed Impeachment offenses, Defrauds US #biden #impeach #d... https://t.co/1DduiD1JlS via @YouTube"
296,reply,"@JJohnsonLaw only seniors?

Biden-Harris made sure that insulin cost was capped only for seniors on Medicare?  The disabled on Medicare got no relief on their insulin cost?"
297,reply,@VP Is this a fucking parody post? You and Biden have fuct us since day one!
298,reply,@guypbenson Kamala Harris will be Biden 2.0 and Obama 3.0
299,quote,".@nytimes Honestly… it was a black job before Biden. She doesn’t ”suggest it”, it’s fact. And the next Presidency is a #BlackJobs too. Awful title."
300,quote,"You were cheerleading Gaza genocide and shamed every peace loving European. Netanyahu & Biden are child killers & history will also judge you as a supporter of genocide with 21,000 slaughtered in just 9 months. How do you vultures & vampires sleep at night?"
401,reply,@CollinRugg @Johnny_Joey People won’t forget this.
402,reply,@2Jackie65747271 Have a wonderful birthday day JJ 🙏😄☀️☕️🇺🇸♥️
403,quote,Dementia in a damaged character looks like that…
404,reply,@KariLake I am so enjoying this fireside chat! https://t.co/L1wYdTZF5L
405,reply,"@KimberlyKenney4 @CPAC if you would like to be more on point you should have said it started with taxation way back when, that is when all the very rich lost a lot of their money through property taxes and lost their mansions, could not pay the help, lot of good jobs lost with that also. theft/greed"
406,reply,@catturd2 American citizens are not first under this administration and we’ve all known it for a long time
407,reply,@libbage55 @johncusack So glad 🙂
408,reply,@lsferguson @debbiros716 @GOP Democrats run the house and the senate and the governor. I think it’s the first time in 20 or 40 years and this is what you get.
409,reply,"@DvdndDiplomats I looked at it and decided to pass. Wish you had discussed their debt. Their level of debt is what has kept me out of them. Otherwise there is much to like.

Is it just me or were you missing the normal data sheets that you flash up during the video? I really like those."
410,quote,I can’t really boycott them since I never went there in the first place. I can assure everybody that I’ll never go there.
411,reply,"@SamJuneau @WallStreetApes @GOP @HouseGOP @SenateGOP @SpeakerJohnson I know! What are they doing? It would appear they're on a campaign to create maximum anxiety then wait for another ""disaster"" real or manufactured to convince us that we're not safe and the only ones who can
protect us from the situation they created are other democrats? They"
412,reply,@DonaldJTNewsX You should fit right in.
413,tweet,The UK is letting rapists out of jail to make room for Christians who pray silently.
414,reply,@USABorn55 We see you
415,reply,"@pak_madness @mehdirhasan At the very least, Biden’s pretending like he gives a shit about Palestinians and a peaceful solution. Maybe he actually does. Trump won’t even bother to pretend. Point being: if you think Biden’s bad for Palestine…Trump’ll be worse."
416,reply,@KantInEast How many Olympic medals have you got?
417,quote,"Safe and effective coming for the 2024 elections.

https://t.co/ijyMRgaG8s"
418,reply,@elonmusk Literally last month everyone was saying he was too old to run and now that Trump is losing to Kamala magats want Biden back. Oh the hypocrisy of @elonmusk and the magats
419,reply,@EdKrassen They’ve done such an amazing job wasting our tax dollars and brainwashing our children. Shut it down!!
420,reply,"@KamalaHQ @realDonaldTrump Nope, Trump is not. YOU ARE A LYING WHO'RE!  A FUCKING LIAR! You and Walz are filthy fucking traitors. You are a who're, Walz is a pimp! https://t.co/OUAQULyglJ"
421,reply,"@wolfclass @RBReich @BillAckman Wrong Leftart, looks like we’re headed for another depression because of Biden.  Trump had companies pay for their innovation. You leftarts will never learn.  Obama’s Solyndra is repeating. https://t.co/zQS4EmkaAS"
422,reply,@JMMalyon @MJMcKean That was my guess
423,reply,@JoyceWhiteVance What did he do exactly?  Did you watch the entire clip or cherry pick shit again trying to make something out of nothing? It’s same game plan time after time and is so predictable! It’s the only thing you can do cause you have zero policies to stand on that will help America be
424,reply,@DefiantBaptist He never should have been in the race.  2028 was his time
425,reply,"@Manhattva What % of voters who voted for Biden in 2020 were voting “for” Biden as opposed to voting against Trump? That same segment of the population now has a more viable anti-Trump candidate. 100% manufactured yes, by the R’s and Trump."
426,tweet,"8/10/2020

•Trump pulled from Briefing Room because of shooting outside of White House 

•Big 10 Football expected to cancel season

•More outdoor gatherings raise concerns as coronavirus surges past 5 million cases

•Biden narrows down VP pick; and more."
427,tweet,WHY MUSK AND TRUMP HAVE KAMALA AND THE LEFT IN A PANIC https://t.co/d59L84YxDQ
428,reply,"@atensnut Trump could NEVA! 🤣🤣🤣 Biden is a lawyer, Trump is a dumb entertainer being used by white Christian Nationalist. He's a thin skin old man who can't even handle women reporters without attacking them. 🤣🤣🤣 #HannibalLector #Project2025 
#VoteBlueAsifYourLivesDependonit"
429,reply,"@CaptainMorganTN @shaunmm2k @KeneAkers Incorrect, only half the address was there. There was another man same name, who was registered democrat. So unlikely as your guy was a republican.  Nice try though. We all know it was all fake anyway. Your guy was trying to rouse up his base. The rest of the world doesn’t care"
430,reply,@11202011t Lost on the White House grounds again.
431,quote,"Isn't he still the president though? 🤔  wtf is this gaslighting, why is Canadian media simping so hard for this."
432,reply,"@TheLastRefuge2 They are also trying to engineer a window for actions in December, including Biden pardons/commutations, a Trump trial, and so. It’s about the Overton Window for nullification all over again."
433,reply,@JasonMillerinDC When is his sentencing?
434,reply,"@EdKrassen When was the last time Kamala did a live press, conference or interview without notes, speaking off the cuff????
#Trump2024  🇺🇸🇺🇸🇺🇸"
435,tweet,"#Conservative #Liberal

Check out VeronicaBoscarino23🦁❤️'s video! #TikTok https://t.co/7B4c0QlkXI"
436,reply,@TAINA2121 @realDonaldTrump Biden said she is the boarder czar
437,quote,I never vote for any candidate who wants to spend more money than we bring in “a balanced budget” but they are nearly impossible to find
438,reply,"@ChiTownSam723 Omg 😭why you mirroring my life?
trying desperately to get old guy back on kibble bc of constant needing to go out in middle of 🌃 
😭2 days he hasn't eaten, 2 days ago I shared raw long bns (green beans) with him while we were outside & now 😂 he stalks me when picking 💚 beans https://t.co/3OS8x1PlFU"
439,reply,@Discernability I want one... I don't have access to grok yet
440,tweet,"Connecticut is too far gone. Whether @MattCoreyCT or @gerryforsenate wins today's ultra low turnout primary, Chris Murphy will win in November because Nutmeg State voters epically suck. #CTPolitics"
441,reply,@iProudChristian ALL THE TIME
442,tweet,"Biden has one bad debate after 2 back to back trips
to other countries on very serious business. He gets
persecuted.  Trump lies every time he speaks, he gets
positive coverage.  DO WE STILL HAVE A FREE
PRESS OR NOT............"
443,reply,"@KyoutarosDad ohhh
ok I see now

isn't that just male pattern baldness"
444,quote,"@krassenstein  you can’t be that stupid.   You know that the demo rat staged Trump trials was all to keep him from running for president.  He is innocent.   I was found guilty on crimes committed by brain dead Biden, crackhead hunter biden, Piglosi, Obummer and Killary Clinton."
445,reply,"@kenoshaborn1946 @DougJBalloon NY Times parody account of the NYT, which has a habit of turning bad things Trump/GOP has done into reasons why it’s bad for Biden/Harris (iow to blame them)."
446,reply,@mjfree Harrison Butker explained the MAGA position on this https://t.co/nCA1fgzRb0
447,quote,👀The UK has gone full KGB. 🕵️‍♂️
448,reply,@bruce_steiner No. Trump didn't rape anyone. Now Biden showered with his daughter. Ask Tara Reide how he sexually assaulted her. Back then..she didn't wait to lie for 35 years until he ran for President.
449,reply,"@Wakinyanmani @Tim_Walz Trump had HUGE advantage of inheriting a booming economy from Obama. Biden inherited a trashed economy from Trump due to his  mismanaging, downplaying, politicizing Covid for his political gain. Anti mask/vaxx  R's disproportionately killed off their own voters!! @Wakinyanmani"
450,reply,@thevivafrei @catturd2 Here’s the problem.  The maga cultists just like the deranged far left democrats do exist.  They are both amplified so everyone gets stuck fighting the most opposing views possible.
451,reply,"@elonmusk @alexandre Wow.  That is such a shame Elon.  You try to provide world citizens with freedom of speech, and this is how some governments treat you??? 

An utter disgrace is right."
452,tweet,So many Patriots have been persecuted. My dear friend Jamie Renda is one of them. I made this to support her DELICIOUS sauces and seasoning! Support Patriot owned businesses! https://t.co/udGqZ8Urtc
453,reply,@FQACC Engineering school puts locker room on wrong side of stadium =best entrance ever https://t.co/IYRLR1WfYp
454,reply,@historigins Winger https://t.co/9MT3VvULrB
455,tweet,"JUST IN: Governor Ron DeSantis is holding a press conference with Inter Miami CF later today at Chase Stadium in Ft. Lauderdale.

David Beckham, Jorge Mas, and Jose Mas will be there."
456,tweet,"Dear MAGA’s,

This election is in the bag for Harris.  #DiaperDon will cry and whine about how it was “stolen”, but let's call a spade for what it is.

He will tell you to be violent and commit crimes to “fight for (him)”.

Is this scumbag worth the legal expenses and jail?"
457,tweet,"Ashley Biden is introducing her Dad tonight. 

Watch for the MAGA meltdown of hatred.  

#DNCConvention2024"
458,reply,@himbopresident The biggest difference between the Democrats and the Republicans is that despite Biden being Israel’s #1 fan the grassroots pressure has pushed them to being a more pro-Palestine party while like 15 millionaires and media personalities have made the GOP pro-Russia.
459,reply,@frozenaesthetic Why are they like this 🥴 https://t.co/S3PdPtobnu
460,reply,"@ShabanaMahmood @guardian So why won't the courts see the case of the Southport Murderer until next year, if it can act so swiftly?

Why is there a huge backlog of rapist cases if it can act so swiftly?

Why are you broadcasting them, which is not how our courts operate?

All stinks of politicalisation."
461,reply,@ForgiatoBlow47 Thanks for posting my song bro !!!!
462,reply,"@realJoelFischer I'm guessing that in 2001, she wasn't residing anywhere near New York. She is also isn't an opportunist who will use anything and everything to their advantage for personal gain."
463,quote,"This man thinks he can control Elon Musk. He can’t. Some people are just too big for their britches. Thierry Breton is a THUG. 

If you don’t want to hear about what’s happening in America, don’t listen. America is a Free Country. Elon is a Free American Citizen. The EU"
464,quote,"Hey, Shanghai Slotkin — why don’t you tell Michiganders about your secret deal involving the CCP? Or why you support the EV Mandates that would kill the Michigan economy?"
465,quote,Either Biden is actively campaigning for Trump now or the @TheBabylonBee just hacked his account 😂.
466,reply,@JDVance Reminder that he set up a statewide covid snitch line for informing on neighbors and family
467,tweet,"🚨 #NEWS: The Case of an Illegal Alien Gang Member Who Assaulted a Border Patrol Agent  

Diego Ibarra was released into the United States in 2023 despite his apparent gang membership and assault of a Border Patrol agent.

After assaulting a Border Patrol agent, Diego's file https://t.co/WXcqy1EeTX"
468,quote,"Why are you following me, TDS patients not allowed here."
469,reply,"@tltown2019 @la_smartine You could have kept yours to yourself? But didn’t, so therefore you want conversation from multiple points of view. Accept criticism"
470,quote,Most America Jews vote Democrat and hate Bibi whose base is actually the GOP and white Christian evangelicals.
471,tweet,"""Nationalism is GOOD."" https://t.co/RaXDnMmOLb"
472,reply,@DefiantLs Her god is Moloch. She's sacrificing her unborn babies to him.
473,reply,@HeatherThomasAF Our job on November 5th is to stop Project 2025. https://t.co/t1i10BgTYI
474,quote,"The same thing happened in Christian Bethlehem which is located just over the hill from Jewish Tekoa where I live.  Bethlehem, the birthplace of King David and the home of his great grandmother Ruth, is now 90% Moslem."
475,reply,"@yashar @donie 1. She is not Biden
2. She’s been signaling she will pivot from Biden’s policies when no longer in his admin 
3. There’s ongoing negotiations she can’t interfere with
3. Trump wants to deport “Hamas protestors”
4. Trump will let Israel annex Gaza/WB and Kushner develop the coast"
476,tweet,Tim Walz was a No on TARP and on trade promotion authority for TPP 🚩 🚩 🚩
477,tweet,REPORT: The State Of Texas Continues To Build Donald Trump's Border Wall In Val Verde County At The Expense Of Texas Taxpayers & In Opposition To The Biden/Harris Regime Who Keep Trying To Stop Operation Lone Star. https://t.co/SVsnSB42Nc
478,tweet,Congratulations to Jenna Ellis for being cast as the Joker in the new Batman movie! https://t.co/AA9kR3Rq6Y
479,reply,@Rainmaker1973 Twerking 2028. https://t.co/l8DOZHsojW
480,tweet,"Biden raided homes of @HandsOffUhuru, they face 15 yrs in prison.

Biden raided the home of @RealScottRitter 

Biden gave J6ers insane sentences.

Biden is backing Israeli genocide in Gaza.

Biden has spent billions to prolong Ukraine war.

Trump is fascist? STFU."
481,quote,"@JSweetLI Hey hack - Why are you blocking people for calling you out over dishonestly editing this clip? 

https://t.co/MhKvp0Q2fp"
482,quote,"Happy Birthday, @USCG!"
483,tweet,"Now he (Biden) might not even have an IQ at all.

- Trump 

LOL"
484,tweet,"School vouchers, signed into law last year by Florida Governor Ron DeSantis, is attributed to the surge in Catholic school enrollment in Miami. 
https://t.co/hlWtyf17Ot"
485,tweet,"I think this👇🏻sums it up pretty well. America has been subjected to Donald Trump’s bullying, lying, name calling & threats to our democracy & freedoms for over 8 years. Enough is enough!

Vote for @KamalaHarris & @Tim_Walz. 

#KamalaBringsUsJoy #WeAreNotGoingBack @KamalaHQ https://t.co/7R0iuLKHPi"
486,tweet,"WALZ: Violent rioters who burn down buildings and ransack businesses are just ""rightfully angry at a system that does not serve them"" https://t.co/YjcHaLyToJ"
487,reply,@MikeNellis @Authentic_HQ Turn over your documents
488,reply,"@C__Herridge Our government has gone rogue. They are violating the Federal law knowingly to allow illegal aliens to cross the border undetected. 

At the same time the Federal Government by Executive Order has been charged with registering voters, including illegal aliens, in order to sway"
489,tweet,"trump just said the real threat is ""nuclear warming,"" right before accusing President Biden of saying stupid things. 🙄

WTF is nuclear warming?"
490,tweet,"292 page report from House GOP state biden & his family received $27 MILLION from foreign individuals & entities, and this is an ‘impeachable offense.’ 

What took so long? And what is going to be done about it? https://t.co/6pPr63DU4m"
491,reply,"@DaveAtherton20 @X @WayneGb88 An ominous, telling and in many ways frighting  sentence https://t.co/VgUeO9VI3q"
492,tweet,Destiny BLAST Conservative asking for a source @TheOmniLiberal https://t.co/XazXFIAnU3
493,reply,@DefiyantlyFree Remind you of Biden run? - they plan to cheat - so better not give Trump anything to hang her with. She has the oratory skills of a 5 year old.
494,tweet,The real winner of the Olympic medal count? Florida governor Ron DeSantis.
495,tweet,"BREAKING

Trump says Biden has a stupid face"
496,tweet,"Wow, said Biden had low IQ 30 years ago and now has no IQ.  

Trump is like an evil lounge singer at the end of the night.  His tip jar is pretty empty.  He has been drinking.  People have heckled him and the lights are coming up.  He's angry, drunk and crazed."
497,tweet,"🚨 TRUMP: “Biden is stupid, he’s so stupid, he has a big stupid head, with a big stupid face, HES SOOOO STUUUPPIIIDDDD.” 😂 😂 😂 this man is amazing."
498,quote,"Pelosi, Obama, members of Congress, prominent Never Trump Rs, many pundits (Ezra Klein, etc), the Pod Save bros, etc. wanted an “open process” after Biden dropped out because they didn’t have faith in her

She has *way* more game than anyone, including me, thought she would have"
499,tweet,"On July 22, 2024 … someone at Wikipedia deleted all 47 references to Jeffrey Epstein from Bill Clinton’s Wikipedia page.

Side note - This happened the day after Biden left the Presidential race.

Are they preparing for a Trump 2024 win?

 https://t.co/R5rIs6C47i"
500,reply,@politico @dieworkwear Every single time with this guy. Lol. https://t.co/o20mZSG9ma