row_id,text,like_count,date
1,@joniernst There will be a blue wave like no one has ever seen before.  Many people are saying it will be a bigly win for Joe Biden.,275,2024-06-13
2,Trump is the BOSS! https://t.co/3Mb9T5BFeN,470,2024-06-12
3,"You have to start with the scoop from @nypost and @EmmaJoNYC. 

Their lede from October was damning:

‚ÄúHunter Biden introduced his father, then-Vice President Joe Biden, to a top executive at a Ukrainian energy firm less than a year before the elder Biden pressured government https://t.co/ESDS29uk1Y",1694,2024-06-12
4,"Rachel Maddow Melts Down Over New Trump Theory

The Russiagate hoax queen is now spreading a conspiracy theory that a reelected Donald Trump is going to ship her off to one of his ‚Äúmassive camps.‚Äú

‚ÄúI‚Äôm worried about the country broadly if we put someone in power who is openly https://t.co/rwVCoCJ5mP",345,2024-06-12
5,The White House isn't ruling out a potential commutation for Hunter Biden after his conviction https://t.co/8E9jOvhA5r,219,2024-06-12
6,"@SpeakerJohnson MAGA Mike Johnson doesn‚Äôt work for the American people, he works for Trump. https://t.co/AXdvIawjCO",152,2024-06-12
7,"Many of the Wilmingtonians I talked to were floored to hear that the president's son wasn't acquitted, given who his famous father is and that the trial took place in Biden's backyard.

Here's what Biden's hometown had to say about Hunter's conviction:

https://t.co/qMOWU5agNb",102,2024-06-13
8,"@dom_lucre They may be able to afford Biden, but we can‚Äôt.",444,2024-06-13
9,The Biden Administration has opened our banking system to the so-called ‚ÄúMipymes‚Äù in Cuba. How will we know that the Cuban regime will not then use them to finance terrorism? See what I think here. https://t.co/6W6J2gQ7ml,420,2024-06-12
10,"@MaceAhWindu It isn't nuance though.

Nuance was the rise of Anakin.

This is abject shit.",355,2024-06-12
11,"Donald Trump admits he still has a gun, despite felony convictions - It is a violation of federal law for someone convicted of felonies to possess a firearm. https://t.co/1S4wVcLcXn

,",121,2024-06-12
12,"This smarmy little bastage needs to be arrested and sentenced to jail. But in the end, the @GOP will do nothing. https://t.co/8YjRVRcyNb",305,2024-06-12
13,"BREAKING: Donald Trump says ""We want all the remaining Bitcoin to be made in the USA""

BULLISH. üìà https://t.co/J7z5OsngIt",168,2024-06-12
14,"üßµWell-placed sources tell us that Trump White House leaker and queen Trump HATER, @KMWalsh_gop, and her husband Mike Shield have been ‚ÄúFIRED‚Äù from the RNC and given a promotion at the Trump Super PAC! 

Walsh and Shields (like LaCavita theüêç) have made millions off hating on https://t.co/v9uoHmNDO2",234,2024-06-12
15,@POTUS Who actually believes Joe Biden‚Ä¶?,461,2024-06-12
16,@OliLondonTV took her 8 months - she is meaningless and it is all part of trying to push Biden reelection,601,2024-06-12
17,"During the 2020 campaign, Joe Biden promised no less than 10 million new ""green jobs."" 

Nearly four years later, where are these green jobs? 

Promises made, promises broken. The Biden Way.",299,2024-06-12
18,"Peter Dutton‚Äôs Liberals aren‚Äôt even pretending to care about future generations anymore, they just copying Donald Trump‚Äôs nasty politics:

Anti-climate
Anti -migrant
Anti-women

They really are just the Nasty Party",1179,2024-06-12
19,Hard to decide which is more frightening for the United States. Four more years of Zombie Biden at the helm of the world's superpower or Calamitous Kamala Harris in charge.,157,2024-06-12
20,"Have you heard all the Democrats bitching about Hunter Biden‚Äôs guilty verdict?

Me either.",318,2024-06-12
21,"How many of you *are* or *like* ""Maga Communists?""",117,2024-06-12
22,@ejeancarroll You‚Äôre a disgrace to real rape victims,106,2024-06-12
23,"Polls are starting to ""shift.""

Pollsters and pundidiots wanted a horse race. So they tried to manufacture one.

It's entirely possible that by the time of the election. the polls will show Biden winning by ~12 million votes, so they won't look foolish.

BUT don't get complacent.",162,2024-06-12
24,"Biden‚Äôs SEC is suing @coinbase in federal court arguing it doesn‚Äôt have a right to exist as an exchange.

At the same time, the Biden campaign is preparing to accept crypto donations via coinbase. 

H/t @prestonjbyrne https://t.co/m3L22rPQDC",2239,2024-06-12
25,"BREAKING: A Florida appeals court just refused to go along with Gov. Ron DeSantis‚Äô argument that he can shield public records due to executive privilege. 

That's a win for transparency. https://t.co/Grn2ZWN4TA",17614,2024-06-12
26,"Biden can barely speak. We all see this, yes?",128,2024-06-12
27,It will be an exciting year for $MAGA leading up to the election üòâ,206,2024-06-12
28,The best part about conservative women is you don‚Äôt have to question if they‚Äôre a woman or not.,360,2024-06-12
29,"GOP response to Florida Flooding!

'It's too soon to talk about Climate Change' https://t.co/OcgFhlCB1Q",706,2024-06-12
30,"@kasie Things like this is what happened Kasie and yes, the media pushing scams and hoaxes without vetting them thoroughly has led to the division, hate and chaos in this Country. It was never Trump that caused chaos- it was the media you are apart of and frankly, you should be ashamed https://t.co/Z9E2dlFqtO",151,2024-06-12
31,@Prolotario1 Donald Trump is actually a decendant of the Christ family. Look up his grandmother's maiden name. Look up his brothers middle name. Spaceforce is The order of the Star. https://t.co/1gaie3rrk8,108,2024-06-12
32,"@SenatorDurbin The Supreme Court updated their own code of conduct in November 2023. 

Congress does not rule over SCOTUS, an equal branch of government. 

SCOTUS can rule whatever you do as unconstitutional, and it‚Äôs in the trash. 
Face it, you don‚Äôt control the Judicial Branch of Government. https://t.co/rSW0kaPGAl",359,2024-06-12
33,@Travis_4_Trump I see where the mask ends plus Biden doesn‚Äôt talk that good.,492,2024-06-12
34,"Pierce Morgan bets Canadace Owens $100,000 that Brigitte Macron is a woman, after the conservative media personality claimed that she was born a MAN. 

‚ÄúIt‚Äôs this question about the French First Lady Brigitte Macron who you keep saying is a man. You‚Äôve produced zero evidence that https://t.co/NQhbRPhCPC",2911,2024-06-12
35,@DouglasBluewave He said that I heard him but did his Maga cult really hear &amp; understand that? https://t.co/F5Gh3TCT5P,640,2024-06-12
36,"Electric vehicles are unpopular.  Our troops deserve to be driving around in 1992 Dodge Vipers.  Besides, you know Joe Biden has given Ukraine all our extension cords",248,2024-06-12
37,@BehizyTweets She must have been paid up front by Biden/sorosü§∑üèª,135,2024-06-12
38,"Every time I turn on the news there‚Äôs a story about how Joe Biden has to win every vote. Woo us all. That‚Äôs fine.

But I never hear the same about the felon trump. Does MSM believe he‚Äôs entitled to votes? No wooing necessary?

I‚Äôm sick of the double standard.

#Fresh
#wtpGOTV24 https://t.co/FicpbgBWpS",161,2024-06-12
39,"The Small Business Administration (SBA) announced that 18.1 million new business applications have been filed since Biden took office, the biggest boom in 25 years.

https://t.co/Rhtn3kQuMy",560,2024-06-12
40,"Biden Administration‚Äôs Dangerous Title IX Rewrite Struck Down By Texas Court
https://t.co/VaLHmaR6on",137,2024-06-12
41,"Join us for a Debate Watch Party on June 27 in Peoria as we cheer on President Trump taking on Joe Biden!

RSVP üëá https://t.co/sqP7AhSxet",136,2024-06-12
42,"Yikes! This Hunter Biden text message is what got him convicted. Have you seen this?
https://t.co/Fat0szUMZj",196,2024-06-12
43,"@Acyn Memo to Donald Trump: If you break the law, you actually have to suffer some consequences for it.

Signed, JD Vance",222,2024-06-12
44,"Hunter is the Bag Man for the Biden Crime Family.

So of course he's getting a pardon.

You don‚Äôt even have to ask twice.",622,2024-06-12
45,"This is, for decades, what DOJ always said whenever Congress voted to hold WH or Exec. Branch officials in contempt of Congress: it's a complex dispute among equal branches.

Until, that is, Biden DOJ prosecuted Trump aides (Navarro and Bannon) for it:

https://t.co/yRi3plBA4c",1690,2024-06-12
46,"@dom_lucre I think he HAS to be trolling the rest of Congress now!  I could see that.  Most of them are white collar criminals, so wearing a suit and tie over a hoodie is funny.",217,2024-06-12
47,ACLU sues the Biden administration over sweeping executive action that largely shuts off asylum to migrants crossing the border illegally https://t.co/rMppZR8piD,212,2024-06-12
48,The Biden classified documents case is still open then?,834,2024-06-12
49,Why do conservative Republicans align themselves with an organization that openly brags about getting progressive Democrats elected?,202,2024-06-12
50,@OliLondonTV And what is Biden doing about this? NOTHING.  We won't forget on November 5th.,321,2024-06-12
51,"Are you kidding me!? 

Biden saluted Zelensky today‚Ä¶  https://t.co/Q27v0rdDQm",105,2024-06-13
52,"Congress held AG Merrick Garland in contempt for defying a Congressional subpoena to turn over the audiotapes of Biden's interview with Special Counsel Hur.

Of course he's protecting Biden.

But more importantly, he's protecting the revolution.",726,2024-06-12
53,üö®Trump Lawyer Alina Habba Demands SPECIAL COUNSEL to Investigate Biden Crime Family https://t.co/PF7qQu4tLo,23441,2024-06-12
54,"@CollinRugg All the jokes about Hunter Biden and cocaine are inappropriate!

Hunter is the ‚Äúsmartest man‚Äù Joe Biden knows.

Joe still loves him and is proud of him.

That‚Äôs all I need hear to make me forget about Hunter‚Äôs human sƒôx trafficking and illegal business.

It was the crack‚Äôs fault!",139,2024-06-12
55,Interesting how Biden is basically only targeting Native American reservations in Arizona atm and has nothing in Phoenix or Tucson right now. https://t.co/uKWFoTZqPa,115,2024-06-12
56,"Today, another reaction to our latest data research, ""Roller Coaster,"" investigating the ecosystem of U.S. opponents of aid to Ukraine appeared on the Fox News website, describing https://t.co/topvqPn5Rw as a ‚ÄúBiden-linked Ukraine group.‚Äù https://t.co/H63wUeFHl7",670,2024-06-12
57,"üö®üá∫üá∏ BREAKING - PRESIDENT JOE BIDEN HAS DROPPED OUT OF PRESIDENTIAL ELECTION

DEM NOMINEE WILL BE GAVIN NEWSOM üö®

$NOOSUM @NoosumSol https://t.co/8ZJ1dlDAFx",109,2024-06-12
58,"üö® Tune in @Newsmax 8pm ET üö® 
Thrilled to be your Prime News host tonight. We have an incredible lineup:
-@JasonMillerinDC live on set 
-@LeeMZeldin on the campaign trail for Trump
-Mark Morgan on suspected ISIS terrorists in America 
-@PamBondi on Biden fam legal drama
&amp; more!",173,2024-06-12
59,"Conservative ""christians"" hitting like on all the Nazi posts now that it's hidden. 

https://t.co/2oMlPqyjQs",25487,2024-06-12
60,"@POTUS When will Joe Biden show any care about the six Christians who were murdƒôred during The Covenant School shoo»õing at the hands of a trans terr√≥rist?

We‚Äôre still waiting.

All lives matter.",513,2024-06-12
61,"Safely touched down in Detroit, Michigan. Ate at the downtown Applebees and reminded the servers who wants to remove taxes from tips. https://t.co/pES6TC6kHO",1330,2024-06-12
62,ACLU has followed through on their promised suit against Biden‚Äôs revived Trump-era border policy:,392,2024-06-12
63,How tf does Hunter Biden have a net worth of $230 MILLION!? ü§î https://t.co/CCIaUxORI0,118,2024-06-12
64,"My feed has become such a disgusting MAGA SWAMP that I might have to jump ship. It's not reflective of the future of our country, simply how sick we are.",874,2024-06-12
65,"Ok, so i recognize my mind is twisted as fuck. The image haunting me is of a few hundreds of MAGA people 'parading' (like the fed bois)  in Biden masks! 

What the fuck would the msm do?",765,2024-06-12
66,Hunter Biden's conviction puts a final nail in the coffin of Donald Trump's absurd claim that he's being politically persecuted. It also defeats and debunks Jim Jordan's incessant yammering about the DOJ being weaponized against Republicans. https://t.co/R0iV4BSCpn,3278,2024-06-12
67,"So is Zelenskyy a puppet of Biden, or Biden a puppet of Zelenskyy? Figure it out, Ben.",6966,2024-06-12
68,@BigGeuce @NICKMERCS I enjoy laughing at clowns like you.,3265,2024-06-12
69,Joe Biden Is Leading The Biggest US Small Business Boom In 25 Years https://t.co/AScCvi6ZwU,301,2024-06-12
70,"Joe Biden is the 46th President of the USA. 

Despite all the problems he inherited from Trump, and there were many, he has exceeded all expectations in the last 3+ years.

Please share the graphic if you think our 46th President deserves 4 more years!

Follow us.
#DemsUnited https://t.co/BOtPgDxKaF",215,2024-06-12
71,"There are so many issues I have with Biden.

But I am going to vote for him.

Because Donald Trump will make every single one of them worse.",222,2024-06-12
72,"*Two lies MAGA has been posting:
*Likes are private now, but feel free to like this. 

1. Former Speaker Nancy Pelosi did NOT admit she was responsible for not calling the National Guard during the #J6 insurrection‚Ä¶she didn‚Äôt have the authority.
2. The Hunter laptop has NOT been https://t.co/Epwbl7qpUU",153,2024-06-12
73,"How does it feel to have Russian submarines and war ships 90 miles off the coast of Florida? In Cuba!

The Biden administration has been funding the war between Russia and Ukraine and it seems to me that Putin has had enough.

Putin is making his move to show the US that this war https://t.co/4MbKL0di1Y",272,2024-06-12
74,@nypost Protecting from who? White evangelical maga voters? Just curious,336,2024-06-13
75,"Update: White house source told us: ""If the tapes are real, the President will definitely release the tapes before the Election to show the American people more about the character of Donald Trump.""",485,2024-06-13
76,"Do NOT laugh at this!
https://t.co/HplRr4za7u",127,2024-06-12
77,"üö® BREAKING: Manhattan DA Alvin Bragg and Joe Biden‚Äôs campaign committee are facing allegations of collusion to influence the 2024 Presidential election, according to a new Federal Election Commission (FEC) complaint filed by America First Legal.
https://t.co/8frvSnr7jL",1550,2024-06-12
78,‚ÄúWhy isn‚Äôt Biden talking about-‚Äú I assure you he absolutely is,112,2024-06-12
79,Can I get 1000 Fuck Joe Biden‚Äôs https://t.co/DUMUKlE0Lu,117,2024-06-12
80,Ok I‚Äôll bite‚Ä¶ who is Joe Biden,1106,2024-06-12
81,"@GeorgePapa19 Mr. Papadopoulos knows. Watch gold now.. and watch the US Economy. 
Biden claimed this would never happen under his administration. üëá",299,2024-06-12
82,@Mollyploofkins Essentially yes.  A cult like MAGA will not survive without POS Trump.,117,2024-06-12
83,".@guypbenson said it best, Two-Faced @JonTester is ‚ÄúChuck Schumer with a flat top haircut,‚Äù and he votes like New York‚Äôs Third Senator! 

Folks are fed up with the radical Biden-Tester agenda ‚Äî Montanans want common sense! #RetireTester

https://t.co/H3tYP78RqU",158,2024-06-12
84,"@KeithOlbermann @SpeakerJohnson He‚Äôs definitely not for Trump but he is a ‚Äúwhore.‚Äù

You on the other hand are a fucking retard Biden supporter ü´µü§°",288,2024-06-12
85,@Travis_4_Trump I have so many questions about this model of Joe Biden and who is under the mask üòÇ,287,2024-06-12
86,"When you get upset at your rising property taxes, just remember this graph and thank your local conservative MLA and your elected UCP government. 

This is the Alberta Advantage hard at work making life more unaffordable!

#abpoli #ableg #yyc #yeg #yyccc #yegcc https://t.co/TpCE5NYSwZ",163,2024-06-12
87,JUST IN - Joe Biden might soon start accepting bitcoin &amp; crypto donations via Coinbase https://t.co/hPnaxTCyTC,1600,2024-06-12
88,Donald Trump should go to Maryland and do an event with him as well,189,2024-06-13
89,@DefiantLs A Biden voter,278,2024-06-12
90,Happy Birthday President Trump!,136,2024-06-13
91,@Auriandra @SenatorRomney Spending has risen more than taxes have fallen. It‚Äôs a spending problem.,8,2024-06-12
92,"@KenGardner11 For me, the lawfare. They would have used against Reagan, W Bush and Romney. I can already see the charges against RDS for his flying of migrants to MA, I can see some Haley finance law imbroglio.

If Biden wins, guarantee it.",0,2024-06-12
93,@JayneLake2 @TrulyAmRobin It was all Elmos doing. Bet on it. He's helping MAGA all he can.,3,2024-06-12
94,"@Osborne__Cox Does the corrupt GOP House believe this is a win?
They are losing all over the place.",0,2024-06-12
95,Lyin Biden‚Äô,0,2024-06-12
96,"And here is Policy Engine's analysis of the Conservative manifesto: The poor will be poorer and the rich richer. Poverty would increase overall, but particularly amongst the elderly! https://t.co/Bv6WOBq1YH",10,2024-06-12
97,"@TimFlyn09757780 @GOP Absolutely! It's time for accountability. Those who betray public trust must face consequences. We won't tolerate corruption any longer. Justice must prevail, and we'll persist until it does.",0,2024-06-12
98,@Mrgunsngear Thanks biden,0,2024-06-12
99,"@GOP @SenateGOP @HouseGOP you might wonder how we get ourselves out of this mess.  See no one who has morales and skills for the job wants to be up to their eyeballs in Washington politics. That‚Äôs how you get Rick Scott and the orange idiot, who are as morally bankrupt as you get",0,2024-06-12
100,satire that's only one step ahead of reality,1,2024-06-12
101,@HouseJudiciary @RepRaskin Biden is either incompetent to stand trial or competent and should be charged. We have the right to decide which prior to voting in November. Withholding these tapes feels like election interference.,0,2024-06-12
102,Bro how many gay people live in Palestine?,3,2024-06-12
103,"#TRUMP
LETS #UNDEFUND THE #POLICE SAID #GUTFELD! GREAT ON POLICY #DONALD J #TRUMP THEE #ALPHA MALE_DEMOCRAT HELD CITIES_GOING TO HELL_HOMELESS ON THE STREETS_CANT GET AWAY_FROM THE SMELL_ELECT THE #GOP TO #CONGRESS BIG DIFFERENCE CANT YOU TELL #AMERICA 1ST #MAGA WE CAN NOT FAIL
=",0,2024-06-12
104,"@Morning_Joe @JoeNBC I don't like Trump for a candidate and I don't like Biden for a candidate.  However, you are beginning to make Trump a better choice.",0,2024-06-12
105,"@RepAdamSchiff @HouseGOP What you don't realize is @HouseDemocrats have barely done more. Instead of this zero sum gridlock where both @TheDemocrats and @GOP look like inept, corrupt, grossly over paid laze abouts, PASS A LAW.",0,2024-06-12
106,"@ce5084 @Bubblebathgirl @JoeBiden If Biden would have handled it, I couldn‚Äôt imagine how worse this country would be",0,2024-06-12
107,"MAGA has know this for yrs. Only the MSM sheep had blinders on. Feel good Biden Bros, you all have sh*t on your faces. Make America Great Again üá∫üá∏",1,2024-06-12
108,@BidenHQ @SpeakerJohnson Fuck no man. Biden wins again I‚Äôll be ready to revolt too. Look me up brothers!,0,2024-06-12
109,@ResisterSis20 Did she teach him to smoke crack and abuse hookers?  That‚Äôs what he‚Äôs known for. Well that and selling access to Joe Biden. To mainly enemies of America. She should be just so proud üòÇüôà,0,2024-06-12
110,"@brandi_love Thank you so much for replying! I'm seriously interested - not as young as I once was (and my 18 year younger wife knows it! ü§£) 

I'm gonna try it and I don't care who on X knows it! ü§£ 

(Big fan, BTW - you bring so much class and intelligence to the genre...  üòâüòÅüëçüèª)",0,2024-06-12
111,@NickKnudsenUS This is stupid. You think people are switching when Trumps numbers are growing? Do you think people are stupid? Trump is winning this with over 50% Union support. I am 30 year IBEW and I am not voting Biden again. #TrumpToSaveAmerica,0,2024-06-12
112,The same people are saying that these illegal immigrants are signing up for concealed carry permits and being asked to join MAGA rallies.   So the question is why is MAGA trying to arm all these illegal migrants into a MAGA army?,1,2024-06-12
113,@GrandpaDennisP Have another drink Gramps‚Ä¶THE BEST IS YET TO COME! Maga as Fuc#üá∫üá∏‚Ñ¢Ô∏è,0,2024-06-13
114,"@BiologicalWoma2 Nope, all my peeps are MAGA...",0,2024-06-12
115,@LambertNolen @JohnFugelsang @haymes_joshua It goes back even further but Regan went along with it. It was a key part of the Southern Strategy. It was a Faustian deal with the devil when the GOP got in bed with the Evangelicals and the Baptists. Magically making abortion a biblical sin out of thin air then politicizing it.,2,2024-06-12
116,"I‚Äôm so lonely on X no one talks to me üòû Wait I got an idea üí° I should get a hundred replies calling me a moron at the very least.

Joe Biden is the greatest president of all time. Join me in saving this country and voting for Joe, the only way to go! https://t.co/VjVmqMSY34",0,2024-06-12
117,@mkforreal @DRodbone @TheJasonPugh @jagmeetsing @PierrePoilievre The only people who voted for him are people who paid to become a member of the conservative party.,1,2024-06-12
118,"#BigLie2 #GOPfascism #FOP 
Trump wants us to send more money because he is enduring #PolticialPersecutionn #GOPeverythingaLie 
Rp
Why the Spineless, Craven, &amp; Sold-Out GOP Sides with Trump's Big Lie 2.0 https://t.co/5B6ddx1S4c",3,2024-06-12
119,"@PEdegen69 @Trumpsbagsmeme And we're only at 3M mc rn????? This is the most undervalued, and overlooked project right now. People will cry when this goes to billions. $BAGS 4 EVER @Trumpsbagsmeme @DustinStockton #MAGA",3,2024-06-12
120,@JoeBiden Maga prior under 2% inflation..ill take it,0,2024-06-12
121,"@RepMTG Blaming Biden for trump's mishandling of a pandemic which tanked our economy and killed 1 out of every 300 Americans is peak projection.

You know damn well if trump had been reelected we'd be worse off today than every other country on the planet.",5,2024-06-13
122,"@jmbenson1491 I'm here, but don't get near as many reposts and likes as I used to. Something's definitely up. I feel invisible most of the time. I think I pissed @SMHCS off. Whatever...",0,2024-06-12
123,"‚ÄúDonald Trump makes absolutely no sense and there are no alarming headlines about this,‚Äù @DeeTwoCents 

Why is Trump, running for president? 

We‚Äôve completely memory holed initial reason Trump was running for president: rich guy, vowing to NOT accept any campaign donations!!!",2,2024-06-12
124,"GOP Calls Out 51 Intel Officials Over Hunter Biden Laptop

https://t.co/sPCaqJZo8W",0,2024-06-13
125,"@BidenHQ Biden had 3 1/2 years to do something‚Ä¶ ANYTHING! 
He DID NOTHING!",0,2024-06-12
126,You‚Äôre spreading misinformation. The Easter Egg Roll is no different than any other Easter at the White House. It just so happened that Easter occurred on the day that Trangender Visibilty Day is always celebrated on March 31. Biden didn‚Äôt forbid religious symbols either!,0,2024-06-12
127,"@nicksortor This isn‚Äôt humorous, the security of our nation is hanging on a thread, Biden needs to be home and taken care of.  So stupid to send him.",0,2024-06-13
128,"RNC West Palm Beach 
Tonight 6/12/2024
Sara Mcabee

https://t.co/NFPg90JOn5 https://t.co/iYpUJlAhAM",0,2024-06-12
129,@MAGAShaggy1 I would never EVER vote for Biden!!,1,2024-06-12
130,"@typocatCA During Pride Month
With having the most corrupt SCOTUS in history
With the GOP bring fascism to America
When women's rights are being erased
When people of colors rights are being erased
When LGBTQ+ have targets on their backs",10,2024-06-12
131,"@SarahAnnRhoades @chriswithans Why waste all of our campaign cash when you're still leading nationally and in basically all of the battleground states? Biden's brilliant ""Dark Brandon ad blitz"" didn't do shit, his approval is still in the dumps and his polling is just as dogshit as ever.",2,2024-06-13
132,"@jtfdenver @SenRonJohnson Hey Mensa ABC news

The laptop was real: DOJ confirms in new court filing it indeed belonged to Hunter Biden https://t.co/lAjrk4sCLC",1,2024-06-12
133,@BritCrampsie Every bad thing that happened to Biden he deserved. He is a fake lying piece of crap just like his grifter Brother and vile human being son Hunter.,0,2024-06-12
134,@SpeakerJohnson LOL  The GOP no longer has an understanding of our constitution or rule of law.  You are interfering in areas you do not belong in.  You are trying to harm everyone and do nothing that has to do with your elected job.,0,2024-06-12
135,"@KatyaSedgwick @SpencerKlavan I wouldn't know what could be defined conservative art though - art with a conservative message (thus, counterculture art, still playing into the same mechanism) or art whose aesthetic qualities recall past styles? It is often the latter, and while old styles cyclically come back",0,2024-06-12
136,#Biden has made are economy the best in the world after #Trump ballooned our deficit! Yes prices went higher because of supply chain issues and the pandemic! But now wages are rising bringing inflation down!,0,2024-06-12
137,@SionSPG @LFC_Char @PolitlcsUK Biden is progressive and he says no genocide,1,2024-06-12
138,"@harrylitman Could holding Garland in contempt be a preemptive strike because members of congress know indictments for some of them are coming?
After indictments, GOP members of Congress will say its just a retaliatory move by Garland because of the contempt vote today.",24,2024-06-12
139,"@Highway_30 @umpteenthacnt Lol you're getting a taste of what MAGA really thinks of you, man. What, you thought they'd swallow their racism because you put on a red hat? They still hate you, no matter how much water you carry for them.",0,2024-06-12
140,@Sassafrass_84 @GOP Yet that‚Äôs not going to happen the American people are going to pay. On every level. I literally abhor DC and Congress!,0,2024-06-12
141,@MustangMan_TX Me and my sister used to WWF in the back seat for ‚Äúgoing over the line‚Äù. Yea that invisible line in the middle of the bucket back seat! üò≥üôÑü§£üòÇüòÜ,0,2024-06-12
142,@DesireeAmerica4 A dude,0,2024-06-12
143,"@RepStefanik It would be nice if these Republicans spent more of their time working for the American people then trying to find ways to oust Biden, dismantle the Justice system, all in order to save their felon Dictator.",0,2024-06-12
144,"@RishiSunak Sunak! Did you see how Starmer  shut down the audience when they were laughing at him? 

You allowed  it. 

For God sakes Man grow some.  Your wealth has made you lazy and your playing roulette with the UK and the people who believe. Not in you!!!

But Conservative values.",0,2024-06-12
145,@nspector4 @MariekeWalsh Conservative MP's but not the leader. Obviously some of the MPs are as they are a large part of the group investigating this.,1,2024-06-12
146,"@Bubblebathgirl @JoeBiden The claim that Joe Biden has committed treason by abandoning the U.S. border is not supported by the evidence available. Here are the key points regarding Biden's border policies and the related accusations:

### Biden's Border Policies
1. **Title 42**: Biden continued the use of",0,2024-06-12
147,Biden's Approval Rating Hits NEW LOW as Dems Call to REPLACE Him! https://t.co/rvA2FeFpRh via @YouTube,0,2024-06-12
148,"@SteveGaghagen @KWWMedia @RepEricBurlison Trump is beholden to Putin. Most of GOPs are scared of Trump and his MAGA voters. It‚Äôs embarrassing this elected officials are not doing what they‚Äôre elected for. It‚Äôs became the party of Trump. Makes me wonder about the RNC hacked my Russian military, what they got on them?",1,2024-06-13
149,"@mmpadellan He'll get pardon ,Biden is above the law https://t.co/gEP2I2wuzf",0,2024-06-12
150,@DeadlineWH @today @HillBeverlyhill @DutchyPatrick Trump was at the capital to have a pepp rally with members of the MAGA Hunta house caucus. Some of what he told them was very bizarre.. some of which was reported as being incoherent rambling ie animal Lecter,2,2024-06-13
151,@HouseGOP move the RNC date!,0,2024-06-12
152,@RepRaskin No it‚Äôs to see why Hur refused to prosecute because he judges Biden as feeble and of unfit mind.,0,2024-06-12
153,"‚ù§Ô∏è‚Äçüî• @TheDailyShow  Swaps Trump For Hunter Biden In Brutal @FoxNews Roast: 'Some Really Good Points!'      

https://t.co/nn2j84ZcCW https://t.co/zMEYCgbUQO",0,2024-06-12
154,@BoSnerdley Things are so much better with Biden. /s for the dolts among us.,0,2024-06-12
155,@lolarites @DougWahl1 That's what they give Biden before his speeches.,0,2024-06-12
156,@Marc_Kenyon @Jim_Jordan Biden?? Having classified documents he never was supposed to have?  If you approve of this FBI tactic you are my enemy.,0,2024-06-12
157,"Last time I checked, MAGA isn't chanting ""from the river to the sea"". https://t.co/VVurXITyOQ",21,2024-06-12
158,@POTUS PEDOPHILE JOE BIDEN,0,2024-06-12
159,"@tedcruz DID YOU TALK ABOUT YOUR WIFE  WITH HIM.  OH I FORGOT THAT YOU ARE SPINELESS AND YOU HAVE NO SHAME OR MORALS.  IF YOU WONT STICK UP FOR YOUR WIFE THEN YOU WONT STICK UP FOR AMERICAN PEOPLE.  
GOP IS THE PARTY OF LAWLESSNESS AND DISORDER",0,2024-06-13
160,"@DougWahl1 Looking for maga points,  has she seen those people lately ü§î",0,2024-06-12
161,"@RandPaul Have you endorsed Trump yet? Look Rand, if we get the Senate it means little because the GOP is not controllable. Endorse Trump and then come talk to me.",0,2024-06-12
162,"@SecBlinken A ceasefire now is certainly not in the best interest of the Israelis, not when another terrorist organization controls Gaza, Hamas survives, and Iran armed a nuclear bomb. US guarantees under Biden based on the hope jihadists change their values are worthless.",0,2024-06-12
163,"You are the most HYPOCRITICAL BYTCHES THIS COUNTRY HAS EVER SEEN. Things ""Don't"" go your way for a CONVICTED FELON &amp; RAPIST RACIST TRAITOR you people start BYTCHIN instead of standing for what's right. 
With all of this CRAZINESS you really think you are going to win?  @GOP",0,2024-06-12
164,"Why isn't Canadian media investigating Canada's Conservative Party leader Pierre Poilievre and his wife Anaida to dig up whatever dirt they're hiding?

It's so serious, Poilievre is scared of‚Äîand refuses‚Äîa background check for a security clearance.
A national security risk if PM.",1,2024-06-12
165,@JenC222 We‚Äôve learned‚Ä¶    what  the  maga  and  trump  spew  means  they  are  guilty!,0,2024-06-12
166,"@BidenHQ Are you actually saying Biden is coherent? I just love good comedy, lol",0,2024-06-12
167,"@RepRaskin Perhaps impeachable offenses do in fact lurk in the background noise of audiotapes - the question is why are you guys working so hard to hide them from the American public (not just ""the GOP"").",6,2024-06-12
168,@TrumpDailyPosts @DonaldJTrumpJr That's the tick tock y'all wanted to BAN... just so we're crystal... not that kinda crystal Jr,0,2024-06-12
169,@Fernand46357857 I am sick of the same thing about Biden.,0,2024-06-12
170,@BasedMikeLee Of course not and none of your lies about the FBI or Biden's DOJ are going to work and destroy either institution. You seem to serve our enemies more than us Americans .,0,2024-06-12
171,@JesseBWatters Just hurry up already and get sued for your lies so you can copy Tucker‚Äôs career (because you obviously want to) leave Fox and then fade into irrelevancy like most MAGA morons. https://t.co/80E97EmYb5,0,2024-06-12
172,"@simonateba Smoke and mirrors.  Biden isn't going to be on the ticket. Neither is Harris.  Booting her will be fun to watch. How will they square that one? First woman VP. First black woman VP.  Mark my words, they've painted themselves in a corner...ü§£ü§£",0,2024-06-12
173,@husker_mar67456 @HalieSoifer No do Biden and show the clip where he uses the N word.,0,2024-06-12
174,"@SecretaryPete Trump did that, not Biden. Stop lying Petey.",0,2024-06-12
175,"Thanks to O‚ÄôBiden‚Äôs Bidenomics ‚ÄºÔ∏è
üá∫üá∏üá∫üá∏TRUMP2024üá∫üá∏üá∫üá∏",0,2024-06-12
176,@ProudElephantUS You mean Hunter Biden?? üòé,0,2024-06-12
177,"@misguidedangel9 @MayoIsSpicyy Would you leave Biden alone with your child. If so, you're a sick individual",0,2024-06-12
178,@lachevron @TheGoodLiars It is because they fall right over the edge and can't come back. Every MAGA knows that.,10,2024-06-12
179,@LegalWeed4SC I'd rather vote for Biden/Harris.,1,2024-06-12
180,President Joe Biden faces first lawsuit over new asylum crackdown at the border https://t.co/6uKzXWAde3,0,2024-06-12
181,Nikki Haley is an EVIL WOMAN.,1,2024-06-12
182,"Americans have a High Tolerance for Stupidity; Leftist Democrat Policies have reached a boiling point with Voters, and we are not going to take it anymore. 
#Trump2024 #Agenda47 #TooBigtoRig 
#NewYork #NYC #NYpol #UpStateNY #ME #MEsen #ME02 #MEpolitics #NH #NHsen #NHpolitics",12,2024-06-12
183,"Yes, I also heard Mara Gay say today on MSNBC that both Biden and Trump are ""deeply unlikeable."" I am voting for Biden. But ""Joe Biden truly cares about people""? Innocent Palestinian men, women, and children in Gaza, experiencing genocide including starvation, would disagree.",0,2024-06-12
184,"Why does MAGA actively try and decrease their believers longevity?

It‚Äôs like a church baptizing in raw sewage to ‚Äúmake the congregation stronger by culling the weak‚Äù",7,2024-06-12
185,"I rarely meet T voters who admit was mistake/ won‚Äôt vote for him again. Obviously they‚Äôre out there: we see them here. I e never heard of a Biden voter changing to Trump!without new, add‚Äôl voters he can‚Äôt win unless 1-Ds don‚Äôt vote or votes not counted.Only way T wins is to cheat",0,2024-06-12
186,@akafacehots Honorable enough to never see or support his five year old daughter‚Ä¶?  Stay classy Biden family‚Ä¶!,0,2024-06-12
187,@TezBlocks @MAVERIC68078049 Obama with a Biden mask.,0,2024-06-12
188,@AlMonitor Biden should mind his own business!!,1,2024-06-12
189,@ScreamingSammyR @CanSpeedway That‚Äôs a pretty radical body,1,2024-06-12
190,@GOP @HouseGOP STOP THIS MONEY FROM FLOWING FROM OUR COUNTRY. ALL IT'S DOING IS PISSING OFF PUTIN,0,2024-06-12
191,"@lukepbeasley Oh yeah, I saw Biden freeze up at his pandering for the black vote party, and I thought to myself: ""I am so proud that I have a president who looks like the Tin Man when he rusts"". 
https://t.co/OJJZRJk6fl",0,2024-06-12
192,"@RepRaskin Verbal and written expression are two different phenomenon last I checked.  Did Biden ""write up"" his own transcript?  The American people need to hear Biden answer questions in his own voice.",1,2024-06-12
193,@lavern_spicer Hmm. These are YOUR people now. You hitched your wagon to MAGA racist train!,0,2024-06-12
194,"@CamillaTominey Total bollocks üíØ 
Typical Looney conservative party gutter press 
Just get used to a new fresh government 
Not a sleazy looney conservative party ü§°üéâüéà",0,2024-06-12
195,"@bigfatanon @redcaliber1 @ProudElephantUS The only way to avoid civil war is to stop those who so desperately want it. That ain't Biden. It's psychotic MAGA. Democracy must prevail.  
 
Respect for elections &amp; the rule of law must be restored. If ur side loses an election, understand/respect that the people have spoken.",0,2024-06-12
196,"@hartgoat @Travis_4_Trump Oh, heck, that‚Äôs not current Biden.",1,2024-06-12
197,@jimdemichele @MonitorFake @Acyn Ignorance is claiming american evangelicals are united behind maga?,0,2024-06-12
198,@CaptCoronado Dont worry biden is on it https://t.co/4Md2VSUUL4,0,2024-06-12
199,@DowdEdward Something is cooking for Biden. Seems like the same is happening to Trudeau with the latest foreign interference scandal.  These leaders have become a liability to those actually in charge.,1,2024-06-12
200,@Conservative_SB good catch. thank you.,0,2024-06-12
201,@hshLauraJ He is just like his dad and if they were to arrest him they would have to arrest Joe,0,2024-06-12
202,Conservative MPs have reached the level of ‚Äúnobody likes us so let‚Äôs try and and be stupid to get noticed‚Äù,0,2024-06-12
203,@srem125 @RepDaveJoyce @HouseAppropsGOP Ummmm‚Ä¶.cause the bill ALLOWED 5000 Illegals per day in order for Biden to act.  That number should be ZERO.  And the only reason democrats agreed to 5000 per day was to send Ukraine money,6,2024-06-12
204,"@Chap4227 @TigersSavior23 lil bro is maga too

üòÜ",0,2024-06-13
205,"Pennsylvania will re-elect Donald Trump in November. 

@ScottPresler Will be one of the top reasons of why that happens. 

Keep up the good work Scott!",1,2024-06-12
206,"@GOP Documentation, please, rather than pulling shit out of your asses. #GOPHerdStupidity",0,2024-06-12
207,"@JoeBiden You said you wouldn‚Äôt raise my taxes, you did raise them and now you can‚Äôt even talk like a normal human being",0,2024-06-12
208,Joe Biden wasted $300 million of YOUR tax dollars to build a port in Gaz... https://t.co/AJ1Wq2tO7Y via @YouTube,0,2024-06-12
209,"@JoeBiden So why not cut out all the tax loopholes they already take advantage of, why propose a $5T tax hike that will affect the lower class",1,2024-06-12
210,@kangaroos991 You seen to be ignoring the debt under Biden and inflation,0,2024-06-12
211,"@mmpadellan Using a very old picture of Biden doesn't make him younger, it makes you more of a liar",0,2024-06-12
212,@RagingKuJo1222 @mcgmouton57 He should have to forfeit his NCAA titles too,2,2024-06-12
213,"@ScottB_503 @MollyJongFast If there‚Äôs one thing I know about shark battery boats it‚Äôs this: 

Donald Trump is an adjudicated rapist with 34 felony convictions. https://t.co/k5JwTBp9CZ",2,2024-06-13
214,@RepSwalwell I‚Äôm not hanging out with Hunter Biden.,0,2024-06-13
215,"@athikers_bob @Yahoo Oh, Bob, I just disappeared into this story...just a beautiful share...and so heartbreaking to imagine when some man-made morality put limits on something so basic as being who you are &amp; loving freely.
MAGA dares to take us backwards!üò°",1,2024-06-12
216,"@CaliRN619 @OwenShroyer1776 Look I know he‚Äôs doing this just to be getting attention but when it‚Äôs been disproven multiple times that it has nothing to do with Joe Biden, and that the Republicans didn‚Äôt wanna vote on a bill to help with this make-believe crisis, but yet still go through the nonsense",0,2024-06-12
217,@patriottakes Not to mention the assault of that Joe Biden doll,0,2024-06-12
218,"Clarence Thomas took more undisclosed trips paid for by GOP megadonor Harlan Crow, Senate committee chair says https://t.co/XF1jTy5YNY",1,2024-06-13
219,"@jimstewartson Actual MAGA here:

Who is taking women‚Äôs rights? I‚Äôm fairly liberal on abortion but we‚Äôre not doing late term 7 month plus shit. We‚Äôre not.

We‚Äôre more tired than you of Gay push.

Not racist, antisemtic, or xenophobic in any way.

I‚Äôm the one being silenced by oligarchs

Enough.",0,2024-06-12
220,"I assume we are all in agreement that whatever happens in November, so long as he is alive, Donald Trump will be the Republican nominee in 2028.",81,2024-06-12
221,"@MalekVivek Looks like a wall to me. 

MAGA = Morally Abhorrent Gullible America",0,2024-06-12
222,"@cnnbrk Now do all of Hunter‚Äôs trips on AF one &amp; two to conduct shady business with China, Russia &amp; Ukraine with 10% to the Big Guy. And how bout that laptop you reported as Russian disinformation which we knew all along is real! #CNNFakeNews",0,2024-06-13
223,@harryjsisson You mean when Biden made millions from business deals with china? Remember the ‚ÄúBig Guy?‚Äù üòÇ ü§° Biden already sold out America to the world. Who pays attention to this kid? Probably not old enough to get laid. üòÇ,0,2024-06-12
224,@chrisnwoolson @USMNT The only approach should‚Äôve been ultra conservative. We do not have the players or a competent coach to go up against Brazil.,1,2024-06-12
225,@mattyglesias I believe Biden‚Äôs critics suffer dementia.,3,2024-06-13
226,"@jcmedlin72 @GOP Everything they do is for campaign cash, they start the day after they get elected, none of them follow the constitution &amp; most don't give a crap about We the People...",1,2024-06-12
227,"ACLU files lawsuit over Biden‚Äôs border executive action

https://t.co/0FYn0rQmxQ",0,2024-06-12
228,Joe Biden the dumbshit idiot,0,2024-06-12
229,"@axios Don't worry, I won't be voting for Hunter Biden for president.",0,2024-06-12
230,"@its_The_Dr GO GO REPUBLICANS 
GO GO DEMOCRATS 
LETS GET AMERICA BACK

GET RID OF BIDEN
GO GO TRUMP",0,2024-06-12
231,@KamalaHarris No it's time for Biden Crime Family pay their fair share .,0,2024-06-12
232,"@bjones54327 @SaveDemocracy16 @MSNBC @GOP There you go, you're hitting all of the cult talking points. Good cultist.",0,2024-06-12
233,@JoeyMannarinoUS Arent u a ‚Äúgrab‚Äôem by the pssy‚Äù Donald trump supporter since when do care about tht.,0,2024-06-12
234,"@reece_dinsdale And the way he swats away the comment about Biden's speech, like it was an inconsequential bit of nothing.",0,2024-06-12
235,@GOP @SenateGOP @HouseGOP The American people are Fed up with your Party. You'll All get voted Out come November. Your Destroying Our Democracy For a Felon Conman.  He destroyed your Party.  He's taking all your Money. #RepublicansHateAmerica #VoteOutAllRepublicans,1,2024-06-12
236,"@MsAvaArmstrong I liked this, you might not be able to see I did",2,2024-06-12
237,"@HereComsTrouble @beachlifelinda1 @abastello2 @BrianHarris33 @katelcasas @DemSoldierJr @chaz_all @Chasmo777 @JenResistedAGN @ElizabethAnnL16 @jenniferjcline @ShellLea289505 @krissymac79 @DEMOCRACYDENNIS Thank you sweet , Ms W ü§ó. Have a beautiful evening sis ü¶ãüçÉü´∂üèªüåôüíô https://t.co/SPvvVzl023",5,2024-06-12
238,"When Trump and his right wing goons are attacking Dolly Parton, you know they have absolutely abandoned American decency.

Vote for Biden and protect Dolly from Trump and MAGA https://t.co/XaWMAZalDt",27,2024-06-12
239,@FrankFigliuzzi1 @JRubinBlogger @gtconway3d George and his pawful buns are the wurst. https://t.co/pX7l8uCbep,6,2024-06-12
240,President Trump talks to Fox after meeting with GOP lawmakers https://t.co/l307WYjIoR,0,2024-06-13
241,"Russia has navy vessels in Cuba? And they tell us it's o k.
Never happened when Trump was president.
Biden allowed millions to cross our border illegally And we have no idea who's actually in America.
Now we have threats, internal and external, and he does nothing. https://t.co/jncsxRbUbe",0,2024-06-12
242,"@LeeLee54689633 Yes, agreed; that needs to be addressed.  Biden is hell-bent on destroying our country and Newsom is turning CA into a welfare state.  I can't wait for President Trump to return to office so he can get to work on Agenda 47",0,2024-06-12
243,@oompaville Donald trump son,0,2024-06-12
244,Biden's America,0,2024-06-12
245,"@charliekirk11 Vote down ballot only. The 3 Democrats running, Biden, RFK and Trump are too old.",0,2024-06-12
246,"It's Total BULLSHIT, And It Is Happening In EVERY AIRPORT.  FUCK joey biden.",0,2024-06-12
247,"@JftbdwxkrfSears @_garykline @maddenifico Biden said in the debate anyone who killed 380,000 people should not be president.   Then said it was easy to manage and fix.  Takes over and kills 800,000 with Trump vax, and cases the highest inflation in 50 years.   Dem state lockdowns didn‚Äôt help",0,2024-06-12
248,@Sassafrass_84 A rake.,0,2024-06-12
249,@NEWSMAX Oh gee.   Who the fuck cares?  You should be more concerned with the billions the GOP is missing away on sham hearings every damned day.,0,2024-06-12
250,"Just so you know, if you see a house with an American flag, there's a 90% chance they are not a Biden voter.  Biden voters hate America, hate freedom,  and love government.  Just kidding, it's 99% chance of not being a Biden voter... https://t.co/HOuKtbSlxw",1,2024-06-12
251,@gatewaypundit But the Capitol Police can arrest him and then let the courts decide.  Democrats are good at using old laws that have never been enforced. Time for the GOP to play their game.  Or refuse funding until he complies. Grow a pair,0,2024-06-12
252,@Ramona64946744 We are. One expert claims that it‚Äôs over Biden‚Äôs action to allow Ukraine to use U.S. weapons to attack the Mother Land.,0,2024-06-12
253,"@Logically_JC The terms ""conservative politicians"" and ""morality"" should never be used in the same sentence.",0,2024-06-12
254,@acpandy @SenatorDurbin And the GOP led house just voted to hold Garland in contempt of Congress. How do you feel about that one considering they received a full transcript? Presidential immunity at play too. Executive branch vs Legislative branch.,0,2024-06-12
255,@atensnut @LangmanVince Me too!! In our defense we didn‚Äôt have a better candidate,0,2024-06-12
256,"@ChrisCuomo Why did Antony Blinken get 51 intelligent officials to say the Hunter Biden laptop was Russian disinformation?

Also why won‚Äôt Garland release the audio of Biden‚Äôs investigation?

That makes the least sense of anything.",3,2024-06-12
257,@SpeakerMcCarthy @JesseBWatters And no one cares.  Trump will never allow you in his cabin. He knows what a traitor you are,1,2024-06-13
258,@CynicalPublius Screw Ukraine. The CIA  and State Drpt wanted this war. Screw them too.  They over threw a President and installed THEIR guy. Now brain dead Biden is going to have a new missile crisis. WTF did they expect? Biden‚Äôs most serious ever sanctions to work?,0,2024-06-12
259,Biden Spurs Largest US Small Business Boom in 25 Years https://t.co/1PZH9ECHpS,0,2024-06-12
260,"@ScotTories And the conservatives, true to form, determined to show they think the electorate in Scotland are thicker than a Young Conservative party Genepool. We know they stand for spiltting up the UK Tumschie Tory. It's why we vote for them! https://t.co/reN9rvTgPK",2,2024-06-12
261,@garykoepnick @Acyn Won't matter. Not her but almost all politicians at her level are intelligent people. They might lie to get votes but they know the truth and they know they're lying. IQ test won't help. Surely not all GOP members of house have sub-100 IQ! Yet they all suck up to Donald.,0,2024-06-12
262,@RobinPasquazzi @MsAvaArmstrong Just RT everything. Likes are lame anyway. IMO. ü§∑üèª‚Äç‚ôÄÔ∏è,0,2024-06-12
263,@Dozen4Trump_DAD @TheLeoTerrell @TeamTrump @TrumpWarRoom @realDonaldTrump @GOP @GOPoversight @JudiciaryGOP He‚Äôs voting Trump!,0,2024-06-12
264,"Donald Trump's Liquor Licenses At NJ Golf Clubs In Jeopardy | Basking Ridge, NJ Patch - https://t.co/C7YK3a2VfI #GoogleAlerts will #donaldTrump be allowed to serve alcohol at the #whitehouse after he is elected?  #trump2024",0,2024-06-12
265,"@RpsAgainstTrump Spineless and an absolute disgrace. There you have it folks, the GOP supporting an insurrectionist who tried to over throw our democracy.",0,2024-06-12
266,@thejackhopkins I in no way support Joe Biden. I firmly believe he and a number of his family members are corrupt. But Laura Loomer‚Äôs post is grotesque.,1,2024-06-12
267,And media needs to STOP giving TFG ANY oxygen. They helped hand him the election in 2016. Promote all the good Biden has done for the country for a change!,0,2024-06-12
268,@DougWahl1 As he should that's a good thing to embrace and to promote that's what a president of the People by the people and for the people should do. God bless you President Biden,1,2024-06-12
269,"@simonateba We need to hear the audio on Joe Biden, we have that right!!",0,2024-06-12
270,"@jenniferfugel @mirabiledictu86 @bonchieredstate The majority of GOP voters list immigration as a priority, they understand it and that bill was nothing more than pork and trash entitled Immigration Reform.",0,2024-06-12
271,@MorticiaVibes Awesome! üëç,1,2024-06-12
272,@elonmusk We hope that soon he will also be in Venezuela....,0,2024-06-12
273,@thetrueshelby Donald Trump belongs in prison,0,2024-06-12
274,@meridithmcgraw CONVICTED FELON = DONALD TRUMP!  Should absolutely not be supported by anyone in this country!,0,2024-06-13
275,@_wake_up_USA Vacuous Hollywood pedos love Biden.,0,2024-06-12
276,be the man hunter biden wants you to be,0,2024-06-12
277,"@mtgreenee The Republican Party is dead, and the MAGA party is dancing on its grave.",0,2024-06-13
278,"@HouseJudiciary @RepRaskin The Democrats FEAR the public hearing tapes of Biden talking.

There must be some fire where there is smoke.",0,2024-06-12
279,@tedcruz move the RNC date!,0,2024-06-12
280,Trans Americans' basic rights are under attack‚Äîand MAGA Republicans won't stop here. #VoteForEquality #BidenHarris4More https://t.co/wu3HXqs6c1,0,2024-06-12
281,@Votejimjordan Biden's failures? You are too kind.,0,2024-06-12
282,@DemDeanna You better hope America doesn't have another terrorist attack with all the terrorists Biden's letting in.,0,2024-06-12
283,@ChrisMarsicano That bump happened because of  Biden,0,2024-06-12
284,"@doris7021 @tribelaw Funny, we've been saying the same thing about Biden for 45 years.",0,2024-06-12
285,The Biden Crime Family; one down and now 4 to go ! https://t.co/Hm1Q1olzCw,0,2024-06-12
286,"Trump's Lawyers Say Hush Money Gag Order Stifles Campaign Speech
In a court filing earlier this week, defense lawyers Todd Blanche and Emil Bove noted that Joe Biden's campaign had referred to Trump, the Republican candidate, as a ""convicted felon"" in a May 30 statement. #news https://t.co/xSZJOpbFHa",0,2024-06-12
287,"@FinestOfOakland @FezzikSports That‚Äôs not what I remember. It was Biden who interrupted first and told quite a number of lies, saying that the story about Hunter laptop as ,‚Äù a bunch of garbage.‚Äù At one point Biden had the effrontery to tell President Trump to ‚Äúshut up.‚Äù A first in history.",0,2024-06-12
288,"@JoeBiden Biden, you should be happy about that. You and your family, all the Democrats and your elite friends will benefit the most.",0,2024-06-12
289,@AmyLynnStL Not sure but it's probably whatever the Kardashians eat! ü§£ü§£ü§£,0,2024-06-12
290,"@JoJoFromJerz Joe Biden USED HIS DRUG ADDICT SON to extort MILLIONS OF DOLLARS from FOREIGN GOVERNMENTS.

Democrats: ‚ÄúJoe Biden is the Dad of the Year.‚Äù https://t.co/2YE3BiahbR",0,2024-06-12
291,"@Sassafrass_84 Would?

Has.",2,2024-06-12
292,Q MAGA yes it‚Äôs. Great idea.  Only uptight idiots that haven‚Äôt tried pot say that dumb shit!!  Stop stereotyping Ron!!  Just legalize,0,2024-06-12
293,"Why poll people who have NO CLUE what information went into President Biden‚Äôs decision?

You are a manipulative/conscienceless lot.",0,2024-06-12
294,@hodgetwins Dude I thought she actually used the N word damn snow flakes Biden America is why trump is winning,0,2024-06-12
295,@TrumpSolMAGA @KingAnt777 ONLY CONVERSATION WORTH HAVING IS ABOUT BUYING MORE MAGA https://t.co/c0uDAIvN6i,0,2024-06-12
296,"@BlackKnight10k I am a conservative and I voted for him. It wasn‚Äôt his skin color that bothered me, it was how divisive he became.",2,2024-06-12
297,Biden Would Send Money To Mars üòÇ https://t.co/PRL7ihDISM via @YouTube,1,2024-06-13
298,"@TheGeneral_0 Mental illness, entitlement, and elite wannabes!",0,2024-06-12
299,@krassenstein Is it because Candace doesn‚Äôt support Biden and Israel?,12,2024-06-12
300,@catturd2 Lock him up!  Lock up the evil Biden enforcer!  God bless the Turtle keeping this devil off the bench.,0,2024-06-12
